"MatchingRule","Record1Identifier","Record2Identifier","TotalSimilarity","IsMatch","[0] MovieDateComparator2Years record1Value","[0] MovieDateComparator2Years record2Value","[0] MovieDateComparator2Years record1PreprocessedValue","[0] MovieDateComparator2Years record2PreprocessedValue","[0] MovieDateComparator2Years similarity","[0] MovieDateComparator2Years postproccesedSimilarity","[1] MovieTitleComparatorJaccard record1Value","[1] MovieTitleComparatorJaccard record2Value","[1] MovieTitleComparatorJaccard record1PreprocessedValue","[1] MovieTitleComparatorJaccard record2PreprocessedValue","[1] MovieTitleComparatorJaccard similarity","[1] MovieTitleComparatorJaccard postproccesedSimilarity"
"LinearCombinationMatchingRule","academy_awards_1776","actors_51","0.85","1","1977-01-01T00:00","1978-01-01T00:00","1977-01-01T00:00","1978-01-01T00:00","0.5","0.5","Annie Hall","Annie Hall","Annie Hall","Annie Hall","1.0","1.0"
"LinearCombinationMatchingRule","academy_awards_1515","actors_46","0.0",,"1983-01-01T00:00","1973-01-01T00:00","1983-01-01T00:00","1973-01-01T00:00","0.0","0.0","Carmen","Cabaret","Carmen","Cabaret","0.0","0.0"
"LinearCombinationMatchingRule","academy_awards_1724","actors_61","0.0",,"1979-01-01T00:00","1988-01-01T00:00","1979-01-01T00:00","1988-01-01T00:00","0.0","0.0","Moonraker","Moonstruck","Moonraker","Moonstruck","0.0","0.0"
"LinearCombinationMatchingRule","academy_awards_1731","actors_52","0.85",,"1978-01-01T00:00","1979-01-01T00:00","1978-01-01T00:00","1979-01-01T00:00","0.5","0.5","Coming Home","Coming Home","Coming Home","Coming Home","1.0","1.0"
"LinearCombinationMatchingRule","academy_awards_472","actors_134","0.19999999999999998",,"2002-01-01T00:00","1987-01-01T00:00","2002-01-01T00:00","1987-01-01T00:00","0.0","0.0","The Collector of Bedford Street","The Color of Money","The Collector of Bedford Street","The Color of Money","0.2857142857142857","0.2857142857142857"
"LinearCombinationMatchingRule","academy_awards_3124","actors_103","0.85",,"1952-01-01T00:00","1953-01-01T00:00","1952-01-01T00:00","1953-01-01T00:00","0.5","0.5","High Noon","High Noon","High Noon","High Noon","1.0","1.0"
"LinearCombinationMatchingRule","academy_awards_2943","actors_106","0.85",,"1955-01-01T00:00","1956-01-01T00:00","1955-01-01T00:00","1956-01-01T00:00","0.5","0.5","Marty","Marty","Marty","Marty","1.0","1.0"
"LinearCombinationMatchingRule","academy_awards_1963","actors_132","0.0",,"1974-01-01T00:00","1985-01-01T00:00","1974-01-01T00:00","1985-01-01T00:00","0.0","0.0","Amarcord","Amadeus","Amarcord","Amadeus","0.0","0.0"
"LinearCombinationMatchingRule","academy_awards_636","actors_46","0.0",,"1999-01-01T00:00","1973-01-01T00:00","1999-01-01T00:00","1973-01-01T00:00","0.0","0.0","Caravan","Cabaret","Caravan","Cabaret","0.0","0.0"
"LinearCombinationMatchingRule","academy_awards_3711","actors_46","0.0",,"1943-01-01T00:00","1973-01-01T00:00","1943-01-01T00:00","1973-01-01T00:00","0.0","0.0","Casablanca","Cabaret","Casablanca","Cabaret","0.0","0.0"
"LinearCombinationMatchingRule","academy_awards_3214","actors_110","0.0",,"1951-01-01T00:00","1960-01-01T00:00","1951-01-01T00:00","1960-01-01T00:00","0.0","0.0","Benjy","Ben-Hur","Benjy","Ben-Hur","0.0","0.0"
"LinearCombinationMatchingRule","academy_awards_1272","actors_135","0.85","1","1987-01-01T00:00","1988-01-01T00:00","1987-01-01T00:00","1988-01-01T00:00","0.5","0.5","Wall Street","Wall Street","Wall Street","Wall Street","1.0","1.0"
"LinearCombinationMatchingRule","academy_awards_3363","actors_21","0.85",,"1948-01-01T00:00","1949-01-01T00:00","1948-01-01T00:00","1949-01-01T00:00","0.5","0.5","Johnny Belinda","Johnny Belinda","Johnny Belinda","Johnny Belinda","1.0","1.0"
"LinearCombinationMatchingRule","academy_awards_1408","actors_51","0.0",,"1985-01-01T00:00","1978-01-01T00:00","1985-01-01T00:00","1978-01-01T00:00","0.0","0.0","Angry Harvest","Annie Hall","Angry Harvest","Annie Hall","0.0","0.0"
"LinearCombinationMatchingRule","academy_awards_3402","actors_26","0.0",,"1948-01-01T00:00","1954-01-01T00:00","1948-01-01T00:00","1954-01-01T00:00","0.0","0.0","Robin Hoodlum","Roman Holiday","Robin Hoodlum","Roman Holiday","0.0","0.0"
"LinearCombinationMatchingRule","academy_awards_770","actors_70","0.3",,"1997-01-01T00:00","1997-01-01T00:00","1997-01-01T00:00","1997-01-01T00:00","1.0","1.0","Face/Off","Fargo","Face/Off","Fargo","0.0","0.0"
"LinearCombinationMatchingRule","academy_awards_4015","actors_91","0.85",,"1940-01-01T00:00","1941-01-01T00:00","1940-01-01T00:00","1941-01-01T00:00","0.5","0.5","The Philadelphia Story","The Philadelphia Story","The Philadelphia Story","The Philadelphia Story","1.0","1.0"
"LinearCombinationMatchingRule","academy_awards_1322","actors_143","0.0",,"1987-01-01T00:00","1997-01-01T00:00","1987-01-01T00:00","1997-01-01T00:00","0.0","0.0","Shoeshine","Shine","Shoeshine","Shine","0.0","0.0"
"LinearCombinationMatchingRule","academy_awards_1758","actors_36","0.0",,"1978-01-01T00:00","1964-01-01T00:00","1978-01-01T00:00","1964-01-01T00:00","0.0","0.0","Hungarians","Hud","Hungarians","Hud","0.0","0.0"
"LinearCombinationMatchingRule","academy_awards_3540","actors_96","0.85",,"1945-01-01T00:00","1946-01-01T00:00","1945-01-01T00:00","1946-01-01T00:00","0.5","0.5","The Lost Weekend","The Lost Weekend","The Lost Weekend","The Lost Weekend","1.0","1.0"
"LinearCombinationMatchingRule","academy_awards_3617","actors_106","0.0",,"1945-01-01T00:00","1956-01-01T00:00","1945-01-01T00:00","1956-01-01T00:00","0.0","0.0","Marie-Louise","Marty","Marie-Louise","Marty","0.0","0.0"
"LinearCombinationMatchingRule","academy_awards_2507","actors_114","0.85",,"1963-01-01T00:00","1964-01-01T00:00","1963-01-01T00:00","1964-01-01T00:00","0.5","0.5","Lilies of the Field","Lilies of the Field","Lilies of the Field","Lilies of the Field","1.0","1.0"
"LinearCombinationMatchingRule","academy_awards_2620","actors_112","0.5","1","1961-01-01T00:00","1962-01-01T00:00","1961-01-01T00:00","1962-01-01T00:00","0.5","0.5","Judgment at Nuremberg","Judgment at Nuremburg","Judgment at Nuremberg","Judgment at Nuremburg","0.5","0.5"
"LinearCombinationMatchingRule","academy_awards_4474","actors_77","0.0",,"1930-01-01T00:00","2004-01-01T00:00","1930-01-01T00:00","2004-01-01T00:00","0.0","0.0","Morocco","Monster","Morocco","Monster","0.0","0.0"
"LinearCombinationMatchingRule","academy_awards_1069","actors_65","0.85",,"1991-01-01T00:00","1992-01-01T00:00","1991-01-01T00:00","1992-01-01T00:00","0.5","0.5","The Silence of the Lambs","The Silence of the Lambs","The Silence of the Lambs","The Silence of the Lambs","1.0","1.0"
"LinearCombinationMatchingRule","academy_awards_2369","actors_140","0.0",,"1966-01-01T00:00","1994-01-01T00:00","1966-01-01T00:00","1994-01-01T00:00","0.0","0.0","Pharaoh","Philadelphia","Pharaoh","Philadelphia","0.0","0.0"
"LinearCombinationMatchingRule","academy_awards_1533","actors_64","0.0",,"1982-01-01T00:00","1991-01-01T00:00","1982-01-01T00:00","1991-01-01T00:00","0.0","0.0","Missing","Misery","Missing","Misery","0.0","0.0"
"LinearCombinationMatchingRule","academy_awards_1169","actors_63","0.85",,"1989-01-01T00:00","1990-01-01T00:00","1989-01-01T00:00","1990-01-01T00:00","0.5","0.5","Driving Miss Daisy","Driving Miss Daisy","Driving Miss Daisy","Driving Miss Daisy","1.0","1.0"
"LinearCombinationMatchingRule","academy_awards_402","actors_150","0.85",,"2003-01-01T00:00","2004-01-01T00:00","2003-01-01T00:00","2004-01-01T00:00","0.5","0.5","Mystic River","Mystic River","Mystic River","Mystic River","1.0","1.0"
"LinearCombinationMatchingRule","academy_awards_1290","actors_106","0.0",,"1987-01-01T00:00","1956-01-01T00:00","1987-01-01T00:00","1956-01-01T00:00","0.0","0.0","Matewan","Marty","Matewan","Marty","0.0","0.0"
"LinearCombinationMatchingRule","academy_awards_1450","actors_106","0.0",,"1984-01-01T00:00","1956-01-01T00:00","1984-01-01T00:00","1956-01-01T00:00","0.0","0.0","Marlene","Marty","Marlene","Marty","0.0","0.0"
"LinearCombinationMatchingRule","academy_awards_4474","actors_61","0.0",,"1930-01-01T00:00","1988-01-01T00:00","1930-01-01T00:00","1988-01-01T00:00","0.0","0.0","Morocco","Moonstruck","Morocco","Moonstruck","0.0","0.0"
"LinearCombinationMatchingRule","academy_awards_3061","actors_143","0.0",,"1953-01-01T00:00","1997-01-01T00:00","1953-01-01T00:00","1997-01-01T00:00","0.0","0.0","Shane","Shine","Shane","Shine","0.0","0.0"
"LinearCombinationMatchingRule","academy_awards_2406","actors_77","0.0",,"1965-01-01T00:00","2004-01-01T00:00","1965-01-01T00:00","2004-01-01T00:00","0.0","0.0","Morituri","Monster","Morituri","Monster","0.0","0.0"
"LinearCombinationMatchingRule","academy_awards_1885","actors_143","0.0",,"1975-01-01T00:00","1997-01-01T00:00","1975-01-01T00:00","1997-01-01T00:00","0.0","0.0","Shampoo","Shine","Shampoo","Shine","0.0","0.0"
"LinearCombinationMatchingRule","academy_awards_365","actors_87","0.3",,"2004-01-01T00:00","1937-01-01T00:00","2004-01-01T00:00","1937-01-01T00:00","0.0","0.0","The Story of the Weeping Camel","The Story of Louis Pasteur","The Story of the Weeping Camel","The Story of Louis Pasteur","0.42857142857142855","0.42857142857142855"
"LinearCombinationMatchingRule","academy_awards_3033","actors_84","0.0",,"1954-01-01T00:00","1933-01-01T00:00","1954-01-01T00:00","1933-01-01T00:00","0.0","0.0","Thursday's Children","The Champ","Thursday's Children","The Champ","0.0","0.0"
"LinearCombinationMatchingRule","academy_awards_1022","actors_66","0.85",,"1992-01-01T00:00","1993-01-01T00:00","1992-01-01T00:00","1993-01-01T00:00","0.5","0.5","Howards End","Howards End","Howards End","Howards End","1.0","1.0"
"LinearCombinationMatchingRule","academy_awards_3713","actors_94","0.85","1","1943-01-01T00:00","1944-01-01T00:00","1943-01-01T00:00","1944-01-01T00:00","0.5","0.5","Watch on the Rhine","Watch on the Rhine","Watch on the Rhine","Watch on the Rhine","1.0","1.0"
"LinearCombinationMatchingRule","academy_awards_1122","actors_64","0.85",,"1990-01-01T00:00","1991-01-01T00:00","1990-01-01T00:00","1991-01-01T00:00","0.5","0.5","Misery","Misery","Misery","Misery","1.0","1.0"
"LinearCombinationMatchingRule","academy_awards_684","actors_8","0.0",,"1998-01-01T00:00","1936-01-01T00:00","1998-01-01T00:00","1936-01-01T00:00","0.0","0.0","Dancemaker","Dangerous","Dancemaker","Dangerous","0.0","0.0"
"LinearCombinationMatchingRule","academy_awards_1487","actors_131","0.85",,"1983-01-01T00:00","1984-01-01T00:00","1983-01-01T00:00","1984-01-01T00:00","0.5","0.5","Tender Mercies","Tender Mercies","Tender Mercies","Tender Mercies","1.0","1.0"
"LinearCombinationMatchingRule","academy_awards_2406","actors_61","0.0",,"1965-01-01T00:00","1988-01-01T00:00","1965-01-01T00:00","1988-01-01T00:00","0.0","0.0","Morituri","Moonstruck","Morituri","Moonstruck","0.0","0.0"
"LinearCombinationMatchingRule","academy_awards_1708","actors_84","0.7",,"1979-01-01T00:00","1933-01-01T00:00","1979-01-01T00:00","1933-01-01T00:00","0.0","0.0","The Champ","The Champ","The Champ","The Champ","1.0","1.0"
"LinearCombinationMatchingRule","academy_awards_3813","actors_93","0.85","1","1942-01-01T00:00","1943-01-01T00:00","1942-01-01T00:00","1943-01-01T00:00","0.5","0.5","Yankee Doodle Dandy","Yankee Doodle Dandy","Yankee Doodle Dandy","Yankee Doodle Dandy","1.0","1.0"
"LinearCombinationMatchingRule","academy_awards_3933","actors_83","0.7","0","1941-01-01T00:00","1933-01-01T00:00","1941-01-01T00:00","1933-01-01T00:00","0.0","0.0","Dr. Jekyll and Mr. Hyde","Dr. Jekyll and Mr. Hyde","Dr. Jekyll and Mr. Hyde","Dr. Jekyll and Mr. Hyde","1.0","1.0"
"LinearCombinationMatchingRule","academy_awards_4399","actors_6","0.7","1","1932-01-01T00:00","1934-01-01T00:00","1932-01-01T00:00","1934-01-01T00:00","0.0","0.0","Morning Glory","Morning Glory","Morning Glory","Morning Glory","1.0","1.0"
"LinearCombinationMatchingRule","academy_awards_2040","actors_46","0.85","1","1972-01-01T00:00","1973-01-01T00:00","1972-01-01T00:00","1973-01-01T00:00","0.5","0.5","Cabaret","Cabaret","Cabaret","Cabaret","1.0","1.0"
"LinearCombinationMatchingRule","academy_awards_2119","actors_143","0.0",,"1971-01-01T00:00","1997-01-01T00:00","1971-01-01T00:00","1997-01-01T00:00","0.0","0.0","Shaft","Shine","Shaft","Shine","0.0","0.0"
"LinearCombinationMatchingRule","academy_awards_4140","actors_89","0.85","1","1938-01-01T00:00","1939-01-01T00:00","1938-01-01T00:00","1939-01-01T00:00","0.5","0.5","Boys Town","Boys Town","Boys Town","Boys Town","1.0","1.0"
"LinearCombinationMatchingRule","academy_awards_120","actors_64","0.0",,"2008-01-01T00:00","1991-01-01T00:00","2008-01-01T00:00","1991-01-01T00:00","0.0","0.0","Milk","Misery","Milk","Misery","0.0","0.0"
"LinearCombinationMatchingRule","academy_awards_2287","actors_118","0.85",,"1967-01-01T00:00","1968-01-01T00:00","1967-01-01T00:00","1968-01-01T00:00","0.5","0.5","In the Heat of the Night","In the Heat of the Night","In the Heat of the Night","In the Heat of the Night","1.0","1.0"
"LinearCombinationMatchingRule","academy_awards_781","actors_70","0.85",,"1996-01-01T00:00","1997-01-01T00:00","1996-01-01T00:00","1997-01-01T00:00","0.5","0.5","Fargo","Fargo","Fargo","Fargo","1.0","1.0"
"LinearCombinationMatchingRule","academy_awards_3815","actors_43","0.175",,"1942-01-01T00:00","1970-01-01T00:00","1942-01-01T00:00","1970-01-01T00:00","0.0","0.0","The Pride of the Yankees","The Prime of Miss Jean Brodie","The Pride of the Yankees","The Prime of Miss Jean Brodie","0.25","0.25"
"LinearCombinationMatchingRule","academy_awards_2234","actors_119","0.85",,"1968-01-01T00:00","1969-01-01T00:00","1968-01-01T00:00","1969-01-01T00:00","0.5","0.5","Charly","Charly","Charly","Charly","1.0","1.0"
"LinearCombinationMatchingRule","academy_awards_3920","actors_14","0.85",,"1941-01-01T00:00","1942-01-01T00:00","1941-01-01T00:00","1942-01-01T00:00","0.5","0.5","Suspicion","Suspicion","Suspicion","Suspicion","1.0","1.0"
"LinearCombinationMatchingRule","academy_awards_4206","actors_46","0.0",,"1937-01-01T00:00","1973-01-01T00:00","1937-01-01T00:00","1973-01-01T00:00","0.0","0.0","Camille","Cabaret","Camille","Cabaret","0.0","0.0"
"LinearCombinationMatchingRule","academy_awards_2240","actors_41","0.85",,"1968-01-01T00:00","1969-01-01T00:00","1968-01-01T00:00","1969-01-01T00:00","0.5","0.5","Funny Girl","Funny Girl","Funny Girl","Funny Girl","1.0","1.0"
"LinearCombinationMatchingRule","academy_awards_3488","actors_19","0.85","1","1946-01-01T00:00","1947-01-01T00:00","1946-01-01T00:00","1947-01-01T00:00","0.5","0.5","To Each His Own","To Each His Own","To Each His Own","To Each His Own","1.0","1.0"
"LinearCombinationMatchingRule","academy_awards_2342","actors_61","0.0",,"1966-01-01T00:00","1988-01-01T00:00","1966-01-01T00:00","1988-01-01T00:00","0.0","0.0","Morgan!","Moonstruck","Morgan!","Moonstruck","0.0","0.0"
"LinearCombinationMatchingRule","academy_awards_2604","actors_76","0.2333333333333333",,"1962-01-01T00:00","2003-01-01T00:00","1962-01-01T00:00","2003-01-01T00:00","0.0","0.0","The Hole","The Hours","The Hole","The Hours","0.3333333333333333","0.3333333333333333"
"LinearCombinationMatchingRule","academy_awards_2092","actors_45","0.85",,"1971-01-01T00:00","1972-01-01T00:00","1971-01-01T00:00","1972-01-01T00:00","0.5","0.5","Klute","Klute","Klute","Klute","1.0","1.0"
"LinearCombinationMatchingRule","academy_awards_1309","actors_121","0.0",,"1987-01-01T00:00","1971-01-01T00:00","1987-01-01T00:00","1971-01-01T00:00","0.0","0.0","Pathfinder","Patton","Pathfinder","Patton","0.0","0.0"
"LinearCombinationMatchingRule","academy_awards_1292","actors_106","0.0",,"1987-01-01T00:00","1956-01-01T00:00","1987-01-01T00:00","1956-01-01T00:00","0.0","0.0","Maurice","Marty","Maurice","Marty","0.0","0.0"
"LinearCombinationMatchingRule","academy_awards_3981","actors_14","0.15",,"1941-01-01T00:00","1942-01-01T00:00","1941-01-01T00:00","1942-01-01T00:00","0.5","0.5","Superman","Suspicion","Superman","Suspicion","0.0","0.0"
"LinearCombinationMatchingRule","academy_awards_3063","actors_61","0.0",,"1953-01-01T00:00","1988-01-01T00:00","1953-01-01T00:00","1988-01-01T00:00","0.0","0.0","Mogambo","Moonstruck","Mogambo","Moonstruck","0.0","0.0"
"LinearCombinationMatchingRule","academy_awards_2570","actors_35","0.85",,"1962-01-01T00:00","1963-01-01T00:00","1962-01-01T00:00","1963-01-01T00:00","0.5","0.5","The Miracle Worker","The Miracle Worker","The Miracle Worker","The Miracle Worker","1.0","1.0"
"LinearCombinationMatchingRule","academy_awards_2087","actors_76","0.2333333333333333",,"1971-01-01T00:00","2003-01-01T00:00","1971-01-01T00:00","2003-01-01T00:00","0.0","0.0","The Hospital","The Hours","The Hospital","The Hours","0.3333333333333333","0.3333333333333333"
"LinearCombinationMatchingRule","academy_awards_4163","actors_14","0.0",,"1938-01-01T00:00","1942-01-01T00:00","1938-01-01T00:00","1942-01-01T00:00","0.0","0.0","Suez","Suspicion","Suez","Suspicion","0.0","0.0"
"LinearCombinationMatchingRule","academy_awards_909","actors_50","0.0",,"1994-01-01T00:00","1977-01-01T00:00","1994-01-01T00:00","1977-01-01T00:00","0.0","0.0","Nell","Network","Nell","Network","0.0","0.0"
"LinearCombinationMatchingRule","academy_awards_3186","actors_102","0.85",,"1951-01-01T00:00","1952-01-01T00:00","1951-01-01T00:00","1952-01-01T00:00","0.5","0.5","The African Queen","The African Queen","The African Queen","The African Queen","1.0","1.0"
"LinearCombinationMatchingRule","academy_awards_2342","actors_77","0.0",,"1966-01-01T00:00","2004-01-01T00:00","1966-01-01T00:00","2004-01-01T00:00","0.0","0.0","Morgan!","Monster","Morgan!","Monster","0.0","0.0"
"LinearCombinationMatchingRule","academy_awards_3953","actors_133","0.19999999999999998",,"1941-01-01T00:00","1986-01-01T00:00","1941-01-01T00:00","1986-01-01T00:00","0.0","0.0","King of the Zombies","Kiss of the Spider Woman","King of the Zombies","Kiss of the Spider Woman","0.2857142857142857","0.2857142857142857"
"LinearCombinationMatchingRule","academy_awards_1976","actors_36","0.0",,"1974-01-01T00:00","1964-01-01T00:00","1974-01-01T00:00","1964-01-01T00:00","0.0","0.0","Hunger","Hud","Hunger","Hud","0.0","0.0"
"LinearCombinationMatchingRule","academy_awards_2452","actors_37","0.85",,"1964-01-01T00:00","1965-01-01T00:00","1964-01-01T00:00","1965-01-01T00:00","0.5","0.5","Mary Poppins","Mary Poppins","Mary Poppins","Mary Poppins","1.0","1.0"
"LinearCombinationMatchingRule","academy_awards_514","actors_143","0.0",,"2001-01-01T00:00","1997-01-01T00:00","2001-01-01T00:00","1997-01-01T00:00","0.0","0.0","Shrek","Shine","Shrek","Shine","0.0","0.0"
"LinearCombinationMatchingRule","academy_awards_4081","actors_12","0.85",,"1939-01-01T00:00","1940-01-01T00:00","1939-01-01T00:00","1940-01-01T00:00","0.5","0.5","Gone with the Wind","Gone With the Wind","Gone with the Wind","Gone With the Wind","1.0","1.0"
"LinearCombinationMatchingRule","academy_awards_3458","actors_83","0.4666666666666666",,"1947-01-01T00:00","1933-01-01T00:00","1947-01-01T00:00","1933-01-01T00:00","0.0","0.0","Dr. Jekyll and Mr. Mouse","Dr. Jekyll and Mr. Hyde","Dr. Jekyll and Mr. Mouse","Dr. Jekyll and Mr. Hyde","0.6666666666666666","0.6666666666666666"
"LinearCombinationMatchingRule","academy_awards_4281","actors_14","0.0",,"1936-01-01T00:00","1942-01-01T00:00","1936-01-01T00:00","1942-01-01T00:00","0.0","0.0","Suzy","Suspicion","Suzy","Suspicion","0.0","0.0"
"LinearCombinationMatchingRule","academy_awards_1683","actors_106","0.0",,"1979-01-01T00:00","1956-01-01T00:00","1979-01-01T00:00","1956-01-01T00:00","0.0","0.0","Manhattan","Marty","Manhattan","Marty","0.0","0.0"
"LinearCombinationMatchingRule","academy_awards_1542","actors_29","0.0",,"1982-01-01T00:00","1957-01-01T00:00","1982-01-01T00:00","1957-01-01T00:00","0.0","0.0","Annie","Anastasia","Annie","Anastasia","0.0","0.0"
"LinearCombinationMatchingRule","academy_awards_1988","actors_124","0.85",,"1973-01-01T00:00","1974-01-01T00:00","1973-01-01T00:00","1974-01-01T00:00","0.5","0.5","Save the Tiger","Save the Tiger","Save the Tiger","Save the Tiger","1.0","1.0"
"LinearCombinationMatchingRule","academy_awards_2506","actors_36","0.85",,"1963-01-01T00:00","1964-01-01T00:00","1963-01-01T00:00","1964-01-01T00:00","0.5","0.5","Hud","Hud","Hud","Hud","1.0","1.0"
"LinearCombinationMatchingRule","academy_awards_1778","actors_127","0.85",,"1977-01-01T00:00","1978-01-01T00:00","1977-01-01T00:00","1978-01-01T00:00","0.5","0.5","The Goodbye Girl","The Goodbye Girl","The Goodbye Girl","The Goodbye Girl","1.0","1.0"
"LinearCombinationMatchingRule","academy_awards_1632","actors_147","0.0",,"1980-01-01T00:00","2001-01-01T00:00","1980-01-01T00:00","2001-01-01T00:00","0.0","0.0","Gloria","Gladiator","Gloria","Gladiator","0.0","0.0"
"LinearCombinationMatchingRule","academy_awards_1117","actors_138","0.85",,"1990-01-01T00:00","1991-01-01T00:00","1990-01-01T00:00","1991-01-01T00:00","0.5","0.5","Reversal of Fortune","Reversal of Fortune","Reversal of Fortune","Reversal of Fortune","1.0","1.0"
"LinearCombinationMatchingRule","academy_awards_345","actors_78","0.85",,"2004-01-01T00:00","2005-01-01T00:00","2004-01-01T00:00","2005-01-01T00:00","0.5","0.5","Million Dollar Baby","Million Dollar Baby","Million Dollar Baby","Million Dollar Baby","1.0","1.0"
"LinearCombinationMatchingRule","academy_awards_1633","actors_54","0.85","1","1980-01-01T00:00","1981-01-01T00:00","1980-01-01T00:00","1981-01-01T00:00","0.5","0.5","Coal Miner's Daughter","Coal Miner�s Daughter","Coal Miner's Daughter","Coal Miner�s Daughter","1.0","1.0"
"LinearCombinationMatchingRule","academy_awards_1747","actors_151","0.0",,"1978-01-01T00:00","2005-01-01T00:00","1978-01-01T00:00","2005-01-01T00:00","0.0","0.0","Raoni","Ray","Raoni","Ray","0.0","0.0"
"LinearCombinationMatchingRule","academy_awards_1623","actors_129","0.85",,"1980-01-01T00:00","1981-01-01T00:00","1980-01-01T00:00","1981-01-01T00:00","0.5","0.5","Raging Bull","Raging Bull","Raging Bull","Raging Bull","1.0","1.0"
"LinearCombinationMatchingRule","academy_awards_1002","actors_121","0.0",,"1993-01-01T00:00","1971-01-01T00:00","1993-01-01T00:00","1971-01-01T00:00","0.0","0.0","Partners","Patton","Partners","Patton","0.0","0.0"
"LinearCombinationMatchingRule","academy_awards_2389","actors_116","0.85",,"1965-01-01T00:00","1966-01-01T00:00","1965-01-01T00:00","1966-01-01T00:00","0.5","0.5","Cat Ballou","Cat Ballou","Cat Ballou","Cat Ballou","1.0","1.0"
"LinearCombinationMatchingRule","academy_awards_4520","actors_80","0.7","1","1928-01-01T00:00","1930-01-01T00:00","1928-01-01T00:00","1930-01-01T00:00","0.0","0.0","In Old Arizona","In Old Arizona","In Old Arizona","In Old Arizona","1.0","1.0"
"LinearCombinationMatchingRule","academy_awards_2584","actors_140","0.0",,"1962-01-01T00:00","1994-01-01T00:00","1962-01-01T00:00","1994-01-01T00:00","0.0","0.0","Phaedra","Philadelphia","Phaedra","Philadelphia","0.0","0.0"
"LinearCombinationMatchingRule","academy_awards_2892","actors_29","0.85","1","1956-01-01T00:00","1957-01-01T00:00","1956-01-01T00:00","1957-01-01T00:00","0.5","0.5","Anastasia","Anastasia","Anastasia","Anastasia","1.0","1.0"
"LinearCombinationMatchingRule","academy_awards_2742","actors_46","0.0",,"1959-01-01T00:00","1973-01-01T00:00","1959-01-01T00:00","1973-01-01T00:00","0.0","0.0","Career","Cabaret","Career","Cabaret","0.0","0.0"
"LinearCombinationMatchingRule","academy_awards_4469","actors_82","0.7",,"1930-01-01T00:00","1932-01-01T00:00","1930-01-01T00:00","1932-01-01T00:00","0.0","0.0","A Free Soul","A Free Soul","A Free Soul","A Free Soul","1.0","1.0"
"LinearCombinationMatchingRule","academy_awards_3506","actors_68","0.2333333333333333",,"1946-01-01T00:00","1995-01-01T00:00","1946-01-01T00:00","1995-01-01T00:00","0.0","0.0","Blue Skies","Blue Sky","Blue Skies","Blue Sky","0.3333333333333333","0.3333333333333333"
"LinearCombinationMatchingRule","academy_awards_1968","actors_143","0.0",,"1974-01-01T00:00","1997-01-01T00:00","1974-01-01T00:00","1997-01-01T00:00","0.0","0.0","Shanks","Shine","Shanks","Shine","0.0","0.0"
"LinearCombinationMatchingRule","academy_awards_1724","actors_77","0.0",,"1979-01-01T00:00","2004-01-01T00:00","1979-01-01T00:00","2004-01-01T00:00","0.0","0.0","Moonraker","Monster","Moonraker","Monster","0.0","0.0"
"LinearCombinationMatchingRule","academy_awards_4020","actors_13","0.85",,"1940-01-01T00:00","1941-01-01T00:00","1940-01-01T00:00","1941-01-01T00:00","0.5","0.5","Kitty Foyle","Kitty Foyle","Kitty Foyle","Kitty Foyle","1.0","1.0"
"LinearCombinationMatchingRule","academy_awards_3072","actors_87","0.3",,"1953-01-01T00:00","1937-01-01T00:00","1953-01-01T00:00","1937-01-01T00:00","0.0","0.0","The Story of Three Loves","The Story of Louis Pasteur","The Story of Three Loves","The Story of Louis Pasteur","0.42857142857142855","0.42857142857142855"
"LinearCombinationMatchingRule","academy_awards_409","actors_77","0.85",,"2003-01-01T00:00","2004-01-01T00:00","2003-01-01T00:00","2004-01-01T00:00","0.5","0.5","Monster","Monster","Monster","Monster","1.0","1.0"
"LinearCombinationMatchingRule","academy_awards_4320","actors_8","0.85",,"1935-01-01T00:00","1936-01-01T00:00","1935-01-01T00:00","1936-01-01T00:00","0.5","0.5","Dangerous","Dangerous","Dangerous","Dangerous","1.0","1.0"
"LinearCombinationMatchingRule","academy_awards_968","actors_67","0.85",,"1993-01-01T00:00","1994-01-01T00:00","1993-01-01T00:00","1994-01-01T00:00","0.5","0.5","The Piano","The Piano","The Piano","The Piano","1.0","1.0"
"LinearCombinationMatchingRule","academy_awards_664","actors_145","0.85",,"1998-01-01T00:00","1999-01-01T00:00","1998-01-01T00:00","1999-01-01T00:00","0.5","0.5","Life Is Beautiful","Life is Beautiful","Life Is Beautiful","Life is Beautiful","1.0","1.0"
"LinearCombinationMatchingRule","academy_awards_3246","actors_99","0.15",,"1950-01-01T00:00","1949-01-01T00:00","1950-01-01T00:00","1949-01-01T00:00","0.5","0.5","Harvey","Hamlet","Harvey","Hamlet","0.0","0.0"
"LinearCombinationMatchingRule","academy_awards_1880","actors_126","0.6749999999999999","1","1975-01-01T00:00","1976-01-01T00:00","1975-01-01T00:00","1976-01-01T00:00","0.5","0.5","One Flew over the Cuckoo's Nest","One Flew Over The Cuckoo's Nes","One Flew over the Cuckoo's Nest","One Flew Over The Cuckoo's Nes","0.75","0.75"
"LinearCombinationMatchingRule","academy_awards_2837","actors_108","0.85",,"1957-01-01T00:00","1958-01-01T00:00","1957-01-01T00:00","1958-01-01T00:00","0.5","0.5","The Bridge on the River Kwai","The Bridge On The River Kwai","The Bridge on the River Kwai","The Bridge On The River Kwai","1.0","1.0"
"LinearCombinationMatchingRule","academy_awards_1045","actors_38","0.0",,"1992-01-01T00:00","1966-01-01T00:00","1992-01-01T00:00","1966-01-01T00:00","0.0","0.0","Daens","Darling","Daens","Darling","0.0","0.0"
"LinearCombinationMatchingRule","academy_awards_1697","actors_8","0.0",,"1979-01-01T00:00","1936-01-01T00:00","1979-01-01T00:00","1936-01-01T00:00","0.0","0.0","Dae","Dangerous","Dae","Dangerous","0.0","0.0"
"LinearCombinationMatchingRule","academy_awards_409","actors_61","0.0",,"2003-01-01T00:00","1988-01-01T00:00","2003-01-01T00:00","1988-01-01T00:00","0.0","0.0","Monster","Moonstruck","Monster","Moonstruck","0.0","0.0"
"LinearCombinationMatchingRule","academy_awards_4096","actors_85","0.21",,"1939-01-01T00:00","1934-01-01T00:00","1939-01-01T00:00","1934-01-01T00:00","0.0","0.0","The Private Lives of Elizabeth and Essex","The Private Life of Henry VIII","The Private Lives of Elizabeth and Essex","The Private Life of Henry VIII","0.3","0.3"
"LinearCombinationMatchingRule","academy_awards_3300","actors_100","0.85","1","1949-01-01T00:00","1950-01-01T00:00","1949-01-01T00:00","1950-01-01T00:00","0.5","0.5","All the King's Men","All the King's Men","All the King's Men","All the King's Men","1.0","1.0"
"LinearCombinationMatchingRule","academy_awards_1070","actors_43","0.175",,"1991-01-01T00:00","1970-01-01T00:00","1991-01-01T00:00","1970-01-01T00:00","0.0","0.0","The Prince of Tides","The Prime of Miss Jean Brodie","The Prince of Tides","The Prime of Miss Jean Brodie","0.25","0.25"
"LinearCombinationMatchingRule","academy_awards_1916","actors_139","0.7",,"1975-01-01T00:00","1993-01-01T00:00","1975-01-01T00:00","1993-01-01T00:00","0.0","0.0","Scent of a Woman","Scent of a Woman","Scent of a Woman","Scent of a Woman","1.0","1.0"
"LinearCombinationMatchingRule","academy_awards_1460","actors_46","0.0",,"1984-01-01T00:00","1973-01-01T00:00","1984-01-01T00:00","1973-01-01T00:00","0.0","0.0","Camila","Cabaret","Camila","Cabaret","0.0","0.0"
"LinearCombinationMatchingRule","academy_awards_162","actors_149","0.2333333333333333",,"2008-01-01T00:00","2003-01-01T00:00","2008-01-01T00:00","2003-01-01T00:00","0.0","0.0","The Pig","The Pianist","The Pig","The Pianist","0.3333333333333333","0.3333333333333333"
"LinearCombinationMatchingRule","academy_awards_188","actors_151","0.0",,"2007-01-01T00:00","2005-01-01T00:00","2007-01-01T00:00","2005-01-01T00:00","0.0","0.0","Ratatouille","Ray","Ratatouille","Ray","0.0","0.0"
"LinearCombinationMatchingRule","academy_awards_723","actors_71","0.85","1","1997-01-01T00:00","1998-01-01T00:00","1997-01-01T00:00","1998-01-01T00:00","0.5","0.5","As Good as It Gets","As Good As It Gets","As Good as It Gets","As Good As It Gets","1.0","1.0"
"LinearCombinationMatchingRule","academy_awards_3082","actors_134","0.2333333333333333",,"1953-01-01T00:00","1987-01-01T00:00","1953-01-01T00:00","1987-01-01T00:00","0.0","0.0","The Conquest of Everest","The Color of Money","The Conquest of Everest","The Color of Money","0.3333333333333333","0.3333333333333333"
"LinearCombinationMatchingRule","academy_awards_2301","actors_99","0.0",,"1967-01-01T00:00","1949-01-01T00:00","1967-01-01T00:00","1949-01-01T00:00","0.0","0.0","Harvest","Hamlet","Harvest","Hamlet","0.0","0.0"
"LinearCombinationMatchingRule","academy_awards_2789","actors_31","0.85",,"1958-01-01T00:00","1959-01-01T00:00","1958-01-01T00:00","1959-01-01T00:00","0.5","0.5","I Want to Live!","I Want to Live!","I Want to Live!","I Want to Live!","1.0","1.0"
"LinearCombinationMatchingRule","academy_awards_823","actors_46","0.0",,"1996-01-01T00:00","1973-01-01T00:00","1996-01-01T00:00","1973-01-01T00:00","0.0","0.0","Canhead","Cabaret","Canhead","Cabaret","0.0","0.0"
"LinearCombinationMatchingRule","academy_awards_682","actors_110","0.0",,"1998-01-01T00:00","1960-01-01T00:00","1998-01-01T00:00","1960-01-01T00:00","0.0","0.0","Beloved","Ben-Hur","Beloved","Ben-Hur","0.0","0.0"
"LinearCombinationMatchingRule","academy_awards_3474","actors_7","0.19999999999999998",,"1947-01-01T00:00","1935-01-01T00:00","1947-01-01T00:00","1935-01-01T00:00","0.0","0.0","It Happened on Fifth Avenue","It Happened One Night","It Happened on Fifth Avenue","It Happened One Night","0.2857142857142857","0.2857142857142857"
"LinearCombinationMatchingRule","academy_awards_1314","actors_106","0.0",,"1987-01-01T00:00","1956-01-01T00:00","1987-01-01T00:00","1956-01-01T00:00","0.0","0.0","Mannequin","Marty","Mannequin","Marty","0.0","0.0"
"LinearCombinationMatchingRule","academy_awards_1104","actors_106","0.0",,"1991-01-01T00:00","1956-01-01T00:00","1991-01-01T00:00","1956-01-01T00:00","0.0","0.0","Manipulation","Marty","Manipulation","Marty","0.0","0.0"
"LinearCombinationMatchingRule","academy_awards_4215","actors_43","0.175",,"1937-01-01T00:00","1970-01-01T00:00","1937-01-01T00:00","1970-01-01T00:00","0.0","0.0","The Prisoner of Zenda","The Prime of Miss Jean Brodie","The Prisoner of Zenda","The Prime of Miss Jean Brodie","0.25","0.25"
"LinearCombinationMatchingRule","academy_awards_1210","actors_84","0.2333333333333333",,"1989-01-01T00:00","1933-01-01T00:00","1989-01-01T00:00","1933-01-01T00:00","0.0","0.0","The Childeater","The Champ","The Childeater","The Champ","0.3333333333333333","0.3333333333333333"
"LinearCombinationMatchingRule","academy_awards_4442","actors_84","0.7","1","1931-01-01T00:00","1933-01-01T00:00","1931-01-01T00:00","1933-01-01T00:00","0.0","0.0","The Champ","The Champ","The Champ","The Champ","1.0","1.0"
"LinearCombinationMatchingRule","academy_awards_3838","actors_77","0.0",,"1942-01-01T00:00","2004-01-01T00:00","1942-01-01T00:00","2004-01-01T00:00","0.0","0.0","Moontide","Monster","Moontide","Monster","0.0","0.0"
"LinearCombinationMatchingRule","academy_awards_206","actors_61","0.0",,"2007-01-01T00:00","1988-01-01T00:00","2007-01-01T00:00","1988-01-01T00:00","0.0","0.0","Mongol","Moonstruck","Mongol","Moonstruck","0.0","0.0"
"LinearCombinationMatchingRule","academy_awards_2686","actors_33","0.85","1","1960-01-01T00:00","1961-01-01T00:00","1960-01-01T00:00","1961-01-01T00:00","0.5","0.5","Butterfield 8","Butterfield 8","Butterfield 8","Butterfield 8","1.0","1.0"
"LinearCombinationMatchingRule","academy_awards_3423","actors_20","0.85","1","1947-01-01T00:00","1948-01-01T00:00","1947-01-01T00:00","1948-01-01T00:00","0.5","0.5","The Farmer's Daughter","The Farmer�s Daughter","The Farmer's Daughter","The Farmer�s Daughter","1.0","1.0"
"LinearCombinationMatchingRule","academy_awards_2168","actors_14","0.0",,"1970-01-01T00:00","1942-01-01T00:00","1970-01-01T00:00","1942-01-01T00:00","0.0","0.0","Sunflower","Suspicion","Sunflower","Suspicion","0.0","0.0"
"LinearCombinationMatchingRule","academy_awards_3838","actors_61","0.0",,"1942-01-01T00:00","1988-01-01T00:00","1942-01-01T00:00","1988-01-01T00:00","0.0","0.0","Moontide","Moonstruck","Moontide","Moonstruck","0.0","0.0"
"LinearCombinationMatchingRule","academy_awards_4037","actors_89","0.3833333333333333","0","1940-01-01T00:00","1939-01-01T00:00","1940-01-01T00:00","1939-01-01T00:00","0.5","0.5","Boom Town","Boys Town","Boom Town","Boys Town","0.3333333333333333","0.3333333333333333"
"LinearCombinationMatchingRule","academy_awards_2354","actors_106","0.0",,"1966-01-01T00:00","1956-01-01T00:00","1966-01-01T00:00","1956-01-01T00:00","0.0","0.0","Mandragola","Marty","Mandragola","Marty","0.0","0.0"
"LinearCombinationMatchingRule","academy_awards_3138","actors_151","0.0",,"1952-01-01T00:00","2005-01-01T00:00","1952-01-01T00:00","2005-01-01T00:00","0.0","0.0","Rashomon","Ray","Rashomon","Ray","0.0","0.0"
"LinearCombinationMatchingRule","academy_awards_969","actors_143","0.0",,"1993-01-01T00:00","1997-01-01T00:00","1993-01-01T00:00","1997-01-01T00:00","0.0","0.0","Shadowlands","Shine","Shadowlands","Shine","0.0","0.0"
"LinearCombinationMatchingRule","academy_awards_3710","actors_87","0.3",,"1944-01-01T00:00","1937-01-01T00:00","1944-01-01T00:00","1937-01-01T00:00","0.0","0.0","The Story of Dr. Wassell","The Story of Louis Pasteur","The Story of Dr. Wassell","The Story of Louis Pasteur","0.42857142857142855","0.42857142857142855"
"LinearCombinationMatchingRule","academy_awards_2233","actors_42","0.85",,"1968-01-01T00:00","1969-01-01T00:00","1968-01-01T00:00","1969-01-01T00:00","0.5","0.5","The Lion in Winter","The Lion in Winter","The Lion in Winter","The Lion in Winter","1.0","1.0"
"LinearCombinationMatchingRule","academy_awards_3301","actors_119","0.0",,"1949-01-01T00:00","1969-01-01T00:00","1949-01-01T00:00","1969-01-01T00:00","0.0","0.0","Champion","Charly","Champion","Charly","0.0","0.0"
"LinearCombinationMatchingRule","academy_awards_3059","actors_104","0.85",,"1953-01-01T00:00","1954-01-01T00:00","1953-01-01T00:00","1954-01-01T00:00","0.5","0.5","Stalag 17","Stalag 17","Stalag 17","Stalag 17","1.0","1.0"
"LinearCombinationMatchingRule","academy_awards_275","actors_106","0.0",,"2006-01-01T00:00","1956-01-01T00:00","2006-01-01T00:00","1956-01-01T00:00","0.0","0.0","Maestro","Marty","Maestro","Marty","0.0","0.0"
"LinearCombinationMatchingRule","academy_awards_1742","actors_46","0.0",,"1978-01-01T00:00","1973-01-01T00:00","1978-01-01T00:00","1973-01-01T00:00","0.0","0.0","Caravans","Cabaret","Caravans","Cabaret","0.0","0.0"
"LinearCombinationMatchingRule","academy_awards_31","actors_79","0.175",,"2010-01-01T00:00","1929-01-01T00:00","2010-01-01T00:00","1929-01-01T00:00","0.0","0.0","The Warriors of Qiugang","The Way of All Flesh & The Las","The Warriors of Qiugang","The Way of All Flesh & The Las","0.25","0.25"
"LinearCombinationMatchingRule","academy_awards_4363","actors_7","0.85",,"1934-01-01T00:00","1935-01-01T00:00","1934-01-01T00:00","1935-01-01T00:00","0.5","0.5","It Happened One Night","It Happened One Night","It Happened One Night","It Happened One Night","1.0","1.0"
"LinearCombinationMatchingRule","academy_awards_1680","actors_53","0.85",,"1979-01-01T00:00","1980-01-01T00:00","1979-01-01T00:00","1980-01-01T00:00","0.5","0.5","Norma Rae","Norma Rae","Norma Rae","Norma Rae","1.0","1.0"
"LinearCombinationMatchingRule","academy_awards_455","actors_119","0.0",,"2002-01-01T00:00","1969-01-01T00:00","2002-01-01T00:00","1969-01-01T00:00","0.0","0.0","Chicago","Charly","Chicago","Charly","0.0","0.0"
"LinearCombinationMatchingRule","academy_awards_4500","actors_3","0.7","1","1929-01-01T00:00","1931-01-01T00:00","1929-01-01T00:00","1931-01-01T00:00","0.0","0.0","The Divorcee","The Divorcee","The Divorcee","The Divorcee","1.0","1.0"
"LinearCombinationMatchingRule","academy_awards_206","actors_77","0.0",,"2007-01-01T00:00","2004-01-01T00:00","2007-01-01T00:00","2004-01-01T00:00","0.0","0.0","Mongol","Monster","Mongol","Monster","0.0","0.0"
"LinearCombinationMatchingRule","academy_awards_3927","actors_14","0.15",,"1941-01-01T00:00","1942-01-01T00:00","1941-01-01T00:00","1942-01-01T00:00","0.5","0.5","Sundown","Suspicion","Sundown","Suspicion","0.0","0.0"
"LinearCombinationMatchingRule","academy_awards_2810","actors_2","0.0",,"1958-01-01T00:00","1930-01-01T00:00","1958-01-01T00:00","1930-01-01T00:00","0.0","0.0","Cowboy","Coquette","Cowboy","Coquette","0.0","0.0"
"LinearCombinationMatchingRule","academy_awards_2783","actors_109","0.85",,"1958-01-01T00:00","1959-01-01T00:00","1958-01-01T00:00","1959-01-01T00:00","0.5","0.5","Separate Tables","Separate Tables","Separate Tables","Separate Tables","1.0","1.0"
"LinearCombinationMatchingRule","academy_awards_3393","actors_67","0.2333333333333333",,"1948-01-01T00:00","1994-01-01T00:00","1948-01-01T00:00","1994-01-01T00:00","0.0","0.0","The Pirate","The Piano","The Pirate","The Piano","0.3333333333333333","0.3333333333333333"
"LinearCombinationMatchingRule","academy_awards_1012","actors_139","0.85",,"1992-01-01T00:00","1993-01-01T00:00","1992-01-01T00:00","1993-01-01T00:00","0.5","0.5","Scent of a Woman","Scent of a Woman","Scent of a Woman","Scent of a Woman","1.0","1.0"
"LinearCombinationMatchingRule","academy_awards_4320","actors_38","0.0",,"1935-01-01T00:00","1966-01-01T00:00","1935-01-01T00:00","1966-01-01T00:00","0.0","0.0","Dangerous","Darling","Dangerous","Darling","0.0","0.0"
"LinearCombinationMatchingRule","academy_awards_3987","actors_133","0.19999999999999998",,"1941-01-01T00:00","1986-01-01T00:00","1941-01-01T00:00","1986-01-01T00:00","0.0","0.0","Kings of the Turf","Kiss of the Spider Woman","Kings of the Turf","Kiss of the Spider Woman","0.2857142857142857","0.2857142857142857"
"LinearCombinationMatchingRule","academy_awards_2830","actors_123","0.2333333333333333",,"1958-01-01T00:00","1973-01-01T00:00","1958-01-01T00:00","1973-01-01T00:00","0.0","0.0","The Goddess","The Godfather","The Goddess","The Godfather","0.3333333333333333","0.3333333333333333"
"LinearCombinationMatchingRule","academy_awards_3366","actors_99","0.85",,"1948-01-01T00:00","1949-01-01T00:00","1948-01-01T00:00","1949-01-01T00:00","0.5","0.5","Hamlet","Hamlet","Hamlet","Hamlet","1.0","1.0"
"LinearCombinationMatchingRule","academy_awards_543","actors_62","0.2333333333333333",,"2001-01-01T00:00","1989-01-01T00:00","2001-01-01T00:00","1989-01-01T00:00","0.0","0.0","the accountant","The Accused","the accountant","The Accused","0.3333333333333333","0.3333333333333333"
"LinearCombinationMatchingRule","academy_awards_684","actors_38","0.0",,"1998-01-01T00:00","1966-01-01T00:00","1998-01-01T00:00","1966-01-01T00:00","0.0","0.0","Dancemaker","Darling","Dancemaker","Darling","0.0","0.0"
"LinearCombinationMatchingRule","academy_awards_699","actors_43","0.175",,"1998-01-01T00:00","1970-01-01T00:00","1998-01-01T00:00","1970-01-01T00:00","0.0","0.0","The Prince of Egypt","The Prime of Miss Jean Brodie","The Prince of Egypt","The Prime of Miss Jean Brodie","0.25","0.25"
"LinearCombinationMatchingRule","academy_awards_2236","actors_70","0.0",,"1968-01-01T00:00","1997-01-01T00:00","1968-01-01T00:00","1997-01-01T00:00","0.0","0.0","Faces","Fargo","Faces","Fargo","0.0","0.0"
"LinearCombinationMatchingRule","academy_awards_1971","actors_110","0.0",,"1974-01-01T00:00","1960-01-01T00:00","1974-01-01T00:00","1960-01-01T00:00","0.0","0.0","Benji","Ben-Hur","Benji","Ben-Hur","0.0","0.0"
"LinearCombinationMatchingRule","academy_awards_707","actors_77","0.0",,"1998-01-01T00:00","2004-01-01T00:00","1998-01-01T00:00","2004-01-01T00:00","0.0","0.0","More","Monster","More","Monster","0.0","0.0"
"LinearCombinationMatchingRule","academy_awards_1148","actors_99","0.0",,"1990-01-01T00:00","1949-01-01T00:00","1990-01-01T00:00","1949-01-01T00:00","0.0","0.0","Havana","Hamlet","Havana","Hamlet","0.0","0.0"
"LinearCombinationMatchingRule","academy_awards_348","actors_2","0.0",,"2004-01-01T00:00","1930-01-01T00:00","2004-01-01T00:00","1930-01-01T00:00","0.0","0.0","Collateral","Coquette","Collateral","Coquette","0.0","0.0"
"LinearCombinationMatchingRule","academy_awards_618","actors_73","0.85","1","1999-01-01T00:00","2000-01-01T00:00","1999-01-01T00:00","2000-01-01T00:00","0.5","0.5","Boys Don't Cry","Boys Don't Cry","Boys Don't Cry","Boys Don't Cry","1.0","1.0"
"LinearCombinationMatchingRule","academy_awards_2759","actors_121","0.0",,"1959-01-01T00:00","1971-01-01T00:00","1959-01-01T00:00","1971-01-01T00:00","0.0","0.0","Paw","Patton","Paw","Patton","0.0","0.0"
"LinearCombinationMatchingRule","academy_awards_4261","actors_87","0.85",,"1936-01-01T00:00","1937-01-01T00:00","1936-01-01T00:00","1937-01-01T00:00","0.5","0.5","The Story of Louis Pasteur","The Story of Louis Pasteur","The Story of Louis Pasteur","The Story of Louis Pasteur","1.0","1.0"
"LinearCombinationMatchingRule","academy_awards_792","actors_99","0.7",,"1996-01-01T00:00","1949-01-01T00:00","1996-01-01T00:00","1949-01-01T00:00","0.0","0.0","Hamlet","Hamlet","Hamlet","Hamlet","1.0","1.0"
"LinearCombinationMatchingRule","academy_awards_3244","actors_101","0.85","1","1950-01-01T00:00","1951-01-01T00:00","1950-01-01T00:00","1951-01-01T00:00","0.5","0.5","Cyrano de Bergerac","Cyrano de Bergerac","Cyrano de Bergerac","Cyrano de Bergerac","1.0","1.0"
"LinearCombinationMatchingRule","academy_awards_3393","actors_149","0.2333333333333333",,"1948-01-01T00:00","2003-01-01T00:00","1948-01-01T00:00","2003-01-01T00:00","0.0","0.0","The Pirate","The Pianist","The Pirate","The Pianist","0.3333333333333333","0.3333333333333333"
"LinearCombinationMatchingRule","academy_awards_725","actors_132","0.0",,"1997-01-01T00:00","1985-01-01T00:00","1997-01-01T00:00","1985-01-01T00:00","0.0","0.0","Amistad","Amadeus","Amistad","Amadeus","0.0","0.0"
"LinearCombinationMatchingRule","academy_awards_2445","actors_110","0.0",,"1964-01-01T00:00","1960-01-01T00:00","1964-01-01T00:00","1960-01-01T00:00","0.0","0.0","Becket","Ben-Hur","Becket","Ben-Hur","0.0","0.0"
"LinearCombinationMatchingRule","academy_awards_1174","actors_147","0.0",,"1989-01-01T00:00","2001-01-01T00:00","1989-01-01T00:00","2001-01-01T00:00","0.0","0.0","Glory","Gladiator","Glory","Gladiator","0.0","0.0"
"LinearCombinationMatchingRule","academy_awards_515","actors_132","0.0",,"2001-01-01T00:00","1985-01-01T00:00","2001-01-01T00:00","1985-01-01T00:00","0.0","0.0","Am�lie","Amadeus","Am�lie","Amadeus","0.0","0.0"
"LinearCombinationMatchingRule","academy_awards_453","actors_76","0.85",,"2002-01-01T00:00","2003-01-01T00:00","2002-01-01T00:00","2003-01-01T00:00","0.5","0.5","The Hours","The Hours","The Hours","The Hours","1.0","1.0"
"LinearCombinationMatchingRule","academy_awards_2883","actors_107","0.85",,"1956-01-01T00:00","1957-01-01T00:00","1956-01-01T00:00","1957-01-01T00:00","0.5","0.5","The King and I","The King and I","The King and I","The King and I","1.0","1.0"
"LinearCombinationMatchingRule","academy_awards_892","actors_17","0.0",,"1995-01-01T00:00","1945-01-01T00:00","1995-01-01T00:00","1945-01-01T00:00","0.0","0.0","Gagarin","Gaslight","Gagarin","Gaslight","0.0","0.0"
"LinearCombinationMatchingRule","academy_awards_1472","actors_119","0.0",,"1984-01-01T00:00","1969-01-01T00:00","1984-01-01T00:00","1969-01-01T00:00","0.0","0.0","Charade","Charly","Charade","Charly","0.0","0.0"
"LinearCombinationMatchingRule","academy_awards_2349","actors_17","0.0",,"1966-01-01T00:00","1945-01-01T00:00","1966-01-01T00:00","1945-01-01T00:00","0.0","0.0","Gambit","Gaslight","Gambit","Gaslight","0.0","0.0"
"LinearCombinationMatchingRule","academy_awards_605","actors_86","0.2333333333333333",,"1999-01-01T00:00","1936-01-01T00:00","1999-01-01T00:00","1936-01-01T00:00","0.0","0.0","The Insider","The Informer","The Insider","The Informer","0.3333333333333333","0.3333333333333333"
"LinearCombinationMatchingRule","academy_awards_73","actors_2","0.0",,"2009-01-01T00:00","1930-01-01T00:00","2009-01-01T00:00","1930-01-01T00:00","0.0","0.0","Coraline","Coquette","Coraline","Coquette","0.0","0.0"
"LinearCombinationMatchingRule","academy_awards_707","actors_61","0.0",,"1998-01-01T00:00","1988-01-01T00:00","1998-01-01T00:00","1988-01-01T00:00","0.0","0.0","More","Moonstruck","More","Moonstruck","0.0","0.0"
"LinearCombinationMatchingRule","academy_awards_2187","actors_120","0.85","1","1969-01-01T00:00","1970-01-01T00:00","1969-01-01T00:00","1970-01-01T00:00","0.5","0.5","True Grit","True Grit","True Grit","True Grit","1.0","1.0"
"LinearCombinationMatchingRule","academy_awards_2026","actors_26","0.0",,"1973-01-01T00:00","1954-01-01T00:00","1973-01-01T00:00","1954-01-01T00:00","0.0","0.0","Robin Hood","Roman Holiday","Robin Hood","Roman Holiday","0.0","0.0"
"LinearCombinationMatchingRule","academy_awards_334","actors_46","0.0",,"2005-01-01T00:00","1973-01-01T00:00","2005-01-01T00:00","1973-01-01T00:00","0.0","0.0","Cashback","Cabaret","Cashback","Cabaret","0.0","0.0"
"LinearCombinationMatchingRule","academy_awards_1386","actors_2","0.0",,"1985-01-01T00:00","1930-01-01T00:00","1985-01-01T00:00","1930-01-01T00:00","0.0","0.0","Cocoon","Coquette","Cocoon","Coquette","0.0","0.0"
"LinearCombinationMatchingRule","academy_awards_3576","actors_121","0.0",,"1945-01-01T00:00","1971-01-01T00:00","1945-01-01T00:00","1971-01-01T00:00","0.0","0.0","Paris--Underground","Patton","Paris--Underground","Patton","0.0","0.0"
"LinearCombinationMatchingRule","academy_awards_1829","actors_50","0.85",,"1976-01-01T00:00","1977-01-01T00:00","1976-01-01T00:00","1977-01-01T00:00","0.5","0.5","Network","Network","Network","Network","1.0","1.0"
"LinearCombinationMatchingRule","academy_awards_2362","actors_2","0.0",,"1966-01-01T00:00","1930-01-01T00:00","1966-01-01T00:00","1930-01-01T00:00","0.0","0.0","Cowboy","Coquette","Cowboy","Coquette","0.0","0.0"
"LinearCombinationMatchingRule","academy_awards_2288","actors_40","0.85","1","1967-01-01T00:00","1968-01-01T00:00","1967-01-01T00:00","1968-01-01T00:00","0.5","0.5","Guess Who's Coming to Dinner","Guess Who�s Coming to Dinner","Guess Who's Coming to Dinner","Guess Who�s Coming to Dinner","1.0","1.0"
"LinearCombinationMatchingRule","academy_awards_852","actors_46","0.0",,"1995-01-01T00:00","1973-01-01T00:00","1995-01-01T00:00","1973-01-01T00:00","0.0","0.0","Casino","Cabaret","Casino","Cabaret","0.0","0.0"
"LinearCombinationMatchingRule","academy_awards_1532","actors_17","0.0",,"1982-01-01T00:00","1945-01-01T00:00","1982-01-01T00:00","1945-01-01T00:00","0.0","0.0","Gandhi","Gaslight","Gandhi","Gaslight","0.0","0.0"
"LinearCombinationMatchingRule","academy_awards_4178","actors_106","0.0",,"1938-01-01T00:00","1956-01-01T00:00","1938-01-01T00:00","1956-01-01T00:00","0.0","0.0","Mannequin","Marty","Mannequin","Marty","0.0","0.0"
"LinearCombinationMatchingRule","academy_awards_1235","actors_110","0.0",,"1988-01-01T00:00","1960-01-01T00:00","1988-01-01T00:00","1960-01-01T00:00","0.0","0.0","Beaches","Ben-Hur","Beaches","Ben-Hur","0.0","0.0"
"LinearCombinationMatchingRule","academy_awards_769","actors_2","0.0",,"1997-01-01T00:00","1930-01-01T00:00","1997-01-01T00:00","1930-01-01T00:00","0.0","0.0","Contact","Coquette","Contact","Coquette","0.0","0.0"
"LinearCombinationMatchingRule","academy_awards_1439","actors_2","0.0",,"1984-01-01T00:00","1930-01-01T00:00","1984-01-01T00:00","1930-01-01T00:00","0.0","0.0","Country","Coquette","Country","Coquette","0.0","0.0"
"LinearCombinationMatchingRule","academy_awards_3414","actors_77","0.0",,"1948-01-01T00:00","2004-01-01T00:00","1948-01-01T00:00","2004-01-01T00:00","0.0","0.0","Moonrise","Monster","Moonrise","Monster","0.0","0.0"
"LinearCombinationMatchingRule","academy_awards_355","actors_86","0.2333333333333333",,"2004-01-01T00:00","1936-01-01T00:00","2004-01-01T00:00","1936-01-01T00:00","0.0","0.0","The Incredibles","The Informer","The Incredibles","The Informer","0.3333333333333333","0.3333333333333333"
"LinearCombinationMatchingRule","academy_awards_2994","actors_134","0.175",,"1955-01-01T00:00","1987-01-01T00:00","1955-01-01T00:00","1987-01-01T00:00","0.0","0.0","The Court-Martial of Billy Mitchell","The Color of Money","The Court-Martial of Billy Mitchell","The Color of Money","0.25","0.25"
"LinearCombinationMatchingRule","academy_awards_1922","actors_106","0.0",,"1975-01-01T00:00","1956-01-01T00:00","1975-01-01T00:00","1956-01-01T00:00","0.0","0.0","Mahogany","Marty","Mahogany","Marty","0.0","0.0"
"LinearCombinationMatchingRule","academy_awards_835","actors_38","0.0",,"1996-01-01T00:00","1966-01-01T00:00","1996-01-01T00:00","1966-01-01T00:00","0.0","0.0","Daylight","Darling","Daylight","Darling","0.0","0.0"
"LinearCombinationMatchingRule","academy_awards_2768","actors_77","0.0",,"1959-01-01T00:00","2004-01-01T00:00","1959-01-01T00:00","2004-01-01T00:00","0.0","0.0","Moonbird","Monster","Moonbird","Monster","0.0","0.0"
"LinearCombinationMatchingRule","academy_awards_162","actors_67","0.2333333333333333",,"2008-01-01T00:00","1994-01-01T00:00","2008-01-01T00:00","1994-01-01T00:00","0.0","0.0","The Pig","The Piano","The Pig","The Piano","0.3333333333333333","0.3333333333333333"
"LinearCombinationMatchingRule","academy_awards_1282","actors_29","0.0",,"1987-01-01T00:00","1957-01-01T00:00","1987-01-01T00:00","1957-01-01T00:00","0.0","0.0","Anna","Anastasia","Anna","Anastasia","0.0","0.0"
"LinearCombinationMatchingRule","academy_awards_1507","actors_43","0.175",,"1983-01-01T00:00","1970-01-01T00:00","1983-01-01T00:00","1970-01-01T00:00","0.0","0.0","The Profession of Arms","The Prime of Miss Jean Brodie","The Profession of Arms","The Prime of Miss Jean Brodie","0.25","0.25"
"LinearCombinationMatchingRule","academy_awards_733","actors_17","0.0",,"1997-01-01T00:00","1945-01-01T00:00","1997-01-01T00:00","1945-01-01T00:00","0.0","0.0","Gattaca","Gaslight","Gattaca","Gaslight","0.0","0.0"
"LinearCombinationMatchingRule","academy_awards_3091","actors_79","0.175",,"1953-01-01T00:00","1929-01-01T00:00","1953-01-01T00:00","1929-01-01T00:00","0.0","0.0","The War of the Worlds","The Way of All Flesh & The Las","The War of the Worlds","The Way of All Flesh & The Las","0.25","0.25"
"LinearCombinationMatchingRule","academy_awards_3414","actors_61","0.0",,"1948-01-01T00:00","1988-01-01T00:00","1948-01-01T00:00","1988-01-01T00:00","0.0","0.0","Moonrise","Moonstruck","Moonrise","Moonstruck","0.0","0.0"
"LinearCombinationMatchingRule","academy_awards_2566","actors_113","0.85","1","1962-01-01T00:00","1963-01-01T00:00","1962-01-01T00:00","1963-01-01T00:00","0.5","0.5","To Kill a Mockingbird","To Kill a Mockingbird","To Kill a Mockingbird","To Kill a Mockingbird","1.0","1.0"
"LinearCombinationMatchingRule","academy_awards_2546","actors_119","0.0",,"1963-01-01T00:00","1969-01-01T00:00","1963-01-01T00:00","1969-01-01T00:00","0.0","0.0","Charade","Charly","Charade","Charly","0.0","0.0"
"LinearCombinationMatchingRule","academy_awards_2768","actors_61","0.0",,"1959-01-01T00:00","1988-01-01T00:00","1959-01-01T00:00","1988-01-01T00:00","0.0","0.0","Moonbird","Moonstruck","Moonbird","Moonstruck","0.0","0.0"
"LinearCombinationMatchingRule","academy_awards_1886","actors_87","0.3",,"1975-01-01T00:00","1937-01-01T00:00","1975-01-01T00:00","1937-01-01T00:00","0.0","0.0","The Story of Adele H.","The Story of Louis Pasteur","The Story of Adele H.","The Story of Louis Pasteur","0.42857142857142855","0.42857142857142855"
"LinearCombinationMatchingRule","academy_awards_2955","actors_28","0.85",,"1955-01-01T00:00","1956-01-01T00:00","1955-01-01T00:00","1956-01-01T00:00","0.5","0.5","The Rose Tattoo","The Rose Tattoo","The Rose Tattoo","The Rose Tattoo","1.0","1.0"
"LinearCombinationMatchingRule","academy_awards_3616","actors_81","0.0",,"1945-01-01T00:00","1931-01-01T00:00","1945-01-01T00:00","1931-01-01T00:00","0.0","0.0","Dillinger","Disraeli","Dillinger","Disraeli","0.0","0.0"
"LinearCombinationMatchingRule","academy_awards_203","actors_110","0.0",,"2007-01-01T00:00","1960-01-01T00:00","2007-01-01T00:00","1960-01-01T00:00","0.0","0.0","Beaufort","Ben-Hur","Beaufort","Ben-Hur","0.0","0.0"
"LinearCombinationMatchingRule","academy_awards_671","actors_72","0.85",,"1998-01-01T00:00","1999-01-01T00:00","1998-01-01T00:00","1999-01-01T00:00","0.5","0.5","Shakespeare in Love","Shakespeare in Love","Shakespeare in Love","Shakespeare in Love","1.0","1.0"
"LinearCombinationMatchingRule","academy_awards_4405","actors_65","0.2333333333333333",,"1932-01-01T00:00","1992-01-01T00:00","1932-01-01T00:00","1992-01-01T00:00","0.0","0.0","The Sign of the Cross","The Silence of the Lambs","The Sign of the Cross","The Silence of the Lambs","0.3333333333333333","0.3333333333333333"
"LinearCombinationMatchingRule","academy_awards_2035","actors_123","0.85",,"1972-01-01T00:00","1973-01-01T00:00","1972-01-01T00:00","1973-01-01T00:00","0.5","0.5","The Godfather","The Godfather","The Godfather","The Godfather","1.0","1.0"
"LinearCombinationMatchingRule","academy_awards_1939","actors_119","0.0",,"1974-01-01T00:00","1969-01-01T00:00","1974-01-01T00:00","1969-01-01T00:00","0.0","0.0","Chinatown","Charly","Chinatown","Charly","0.0","0.0"
"LinearCombinationMatchingRule","academy_awards_2186","actors_90","0.7",,"1969-01-01T00:00","1940-01-01T00:00","1969-01-01T00:00","1940-01-01T00:00","0.0","0.0","Goodbye, Mr. Chips","Goodbye, Mr. Chips","Goodbye, Mr. Chips","Goodbye, Mr. Chips","1.0","1.0"
"LinearCombinationMatchingRule","academy_awards_1258","actors_110","0.0",,"1988-01-01T00:00","1960-01-01T00:00","1988-01-01T00:00","1960-01-01T00:00","0.0","0.0","Beetlejuice","Ben-Hur","Beetlejuice","Ben-Hur","0.0","0.0"
"LinearCombinationMatchingRule","academy_awards_1045","actors_8","0.0",,"1992-01-01T00:00","1936-01-01T00:00","1992-01-01T00:00","1936-01-01T00:00","0.0","0.0","Daens","Dangerous","Daens","Dangerous","0.0","0.0"
"LinearCombinationMatchingRule","academy_awards_561","actors_119","0.0",,"2000-01-01T00:00","1969-01-01T00:00","2000-01-01T00:00","1969-01-01T00:00","0.0","0.0","Chocolat","Charly","Chocolat","Charly","0.0","0.0"
"LinearCombinationMatchingRule","academy_awards_2085","actors_122","0.85",,"1971-01-01T00:00","1972-01-01T00:00","1971-01-01T00:00","1972-01-01T00:00","0.5","0.5","The French Connection","The French Connection","The French Connection","The French Connection","1.0","1.0"
"LinearCombinationMatchingRule","academy_awards_1279","actors_61","0.85",,"1987-01-01T00:00","1988-01-01T00:00","1987-01-01T00:00","1988-01-01T00:00","0.5","0.5","Moonstruck","Moonstruck","Moonstruck","Moonstruck","1.0","1.0"
"LinearCombinationMatchingRule","academy_awards_2531","actors_119","0.0",,"1963-01-01T00:00","1969-01-01T00:00","1963-01-01T00:00","1969-01-01T00:00","0.0","0.0","Chagall","Charly","Chagall","Charly","0.0","0.0"
"LinearCombinationMatchingRule","academy_awards_4557","actors_1","0.7",,"1927-01-01T00:00","1929-01-01T00:00","1927-01-01T00:00","1929-01-01T00:00","0.0","0.0","7th Heaven","7th Heaven","7th Heaven","7th Heaven","1.0","1.0"
"LinearCombinationMatchingRule","academy_awards_3418","actors_98","0.85",,"1947-01-01T00:00","1948-01-01T00:00","1947-01-01T00:00","1948-01-01T00:00","0.5","0.5","A Double Life","A Double Life","A Double Life","A Double Life","1.0","1.0"
"LinearCombinationMatchingRule","academy_awards_910","actors_68","0.85","1","1994-01-01T00:00","1995-01-01T00:00","1994-01-01T00:00","1995-01-01T00:00","0.5","0.5","Blue Sky","Blue Sky","Blue Sky","Blue Sky","1.0","1.0"
"LinearCombinationMatchingRule","academy_awards_1577","actors_81","0.0",,"1982-01-01T00:00","1931-01-01T00:00","1982-01-01T00:00","1931-01-01T00:00","0.0","0.0","Diner","Disraeli","Diner","Disraeli","0.0","0.0"
"LinearCombinationMatchingRule","academy_awards_3165","actors_106","0.0",,"1952-01-01T00:00","1956-01-01T00:00","1952-01-01T00:00","1956-01-01T00:00","0.0","0.0","Madeline","Marty","Madeline","Marty","0.0","0.0"
"LinearCombinationMatchingRule","academy_awards_4080","actors_90","0.85",,"1939-01-01T00:00","1940-01-01T00:00","1939-01-01T00:00","1940-01-01T00:00","0.5","0.5","Goodbye, Mr. Chips","Goodbye, Mr. Chips","Goodbye, Mr. Chips","Goodbye, Mr. Chips","1.0","1.0"
"LinearCombinationMatchingRule","academy_awards_1129","actors_99","0.7",,"1990-01-01T00:00","1949-01-01T00:00","1990-01-01T00:00","1949-01-01T00:00","0.0","0.0","Hamlet","Hamlet","Hamlet","Hamlet","1.0","1.0"
"LinearCombinationMatchingRule","academy_awards_1279","actors_77","0.0",,"1987-01-01T00:00","2004-01-01T00:00","1987-01-01T00:00","2004-01-01T00:00","0.0","0.0","Moonstruck","Monster","Moonstruck","Monster","0.0","0.0"
"LinearCombinationMatchingRule","academy_awards_1025","actors_8","0.0",,"1992-01-01T00:00","1936-01-01T00:00","1992-01-01T00:00","1936-01-01T00:00","0.0","0.0","Damage","Dangerous","Damage","Dangerous","0.0","0.0"
"LinearCombinationMatchingRule","academy_awards_1181","actors_121","0.0",,"1989-01-01T00:00","1971-01-01T00:00","1989-01-01T00:00","1971-01-01T00:00","0.0","0.0","Parenthood","Patton","Parenthood","Patton","0.0","0.0"
"LinearCombinationMatchingRule","academy_awards_3230","actors_87","0.35",,"1951-01-01T00:00","1937-01-01T00:00","1951-01-01T00:00","1937-01-01T00:00","0.0","0.0","The Story of Time","The Story of Louis Pasteur","The Story of Time","The Story of Louis Pasteur","0.5","0.5"
"LinearCombinationMatchingRule","academy_awards_2173","actors_106","0.0",,"1970-01-01T00:00","1956-01-01T00:00","1970-01-01T00:00","1956-01-01T00:00","0.0","0.0","Madron","Marty","Madron","Marty","0.0","0.0"
"LinearCombinationMatchingRule","academy_awards_4529","actors_2","0.7","1","1928-01-01T00:00","1930-01-01T00:00","1928-01-01T00:00","1930-01-01T00:00","0.0","0.0","Coquette","Coquette","Coquette","Coquette","1.0","1.0"
"LinearCombinationMatchingRule","academy_awards_1899","actors_132","0.0",,"1975-01-01T00:00","1985-01-01T00:00","1975-01-01T00:00","1985-01-01T00:00","0.0","0.0","Amarcord","Amadeus","Amarcord","Amadeus","0.0","0.0"
"LinearCombinationMatchingRule","academy_awards_1331","actors_134","0.85",,"1986-01-01T00:00","1987-01-01T00:00","1986-01-01T00:00","1987-01-01T00:00","0.5","0.5","The Color of Money","The Color of Money","The Color of Money","The Color of Money","1.0","1.0"
"LinearCombinationMatchingRule","academy_awards_3148","actors_76","0.2333333333333333",,"1952-01-01T00:00","2003-01-01T00:00","1952-01-01T00:00","2003-01-01T00:00","0.0","0.0","The Hoaxters","The Hours","The Hoaxters","The Hours","0.3333333333333333","0.3333333333333333"
"LinearCombinationMatchingRule","academy_awards_1254","actors_99","0.0",,"1988-01-01T00:00","1949-01-01T00:00","1988-01-01T00:00","1949-01-01T00:00","0.0","0.0","Hanussen","Hamlet","Hanussen","Hamlet","0.0","0.0"
"LinearCombinationMatchingRule","academy_awards_1400","actors_87","0.19999999999999998",,"1985-01-01T00:00","1937-01-01T00:00","1985-01-01T00:00","1937-01-01T00:00","0.0","0.0","The Statue of Liberty","The Story of Louis Pasteur","The Statue of Liberty","The Story of Louis Pasteur","0.2857142857142857","0.2857142857142857"
"LinearCombinationMatchingRule","academy_awards_611","actors_106","0.0",,"1999-01-01T00:00","1956-01-01T00:00","1999-01-01T00:00","1956-01-01T00:00","0.0","0.0","Magnolia","Marty","Magnolia","Marty","0.0","0.0"
"LinearCombinationMatchingRule","academy_awards_3358","actors_121","0.0",,"1949-01-01T00:00","1971-01-01T00:00","1949-01-01T00:00","1971-01-01T00:00","0.0","0.0","Paisan","Patton","Paisan","Patton","0.0","0.0"
"LinearCombinationMatchingRule","academy_awards_1201","actors_8","0.0",,"1989-01-01T00:00","1936-01-01T00:00","1989-01-01T00:00","1936-01-01T00:00","0.0","0.0","Dad","Dangerous","Dad","Dangerous","0.0","0.0"
"LinearCombinationMatchingRule","academy_awards_2709","actors_106","0.0",,"1960-01-01T00:00","1956-01-01T00:00","1960-01-01T00:00","1956-01-01T00:00","0.0","0.0","Macario","Marty","Macario","Marty","0.0","0.0"
"LinearCombinationMatchingRule","academy_awards_503","actors_148","1.0","1","2001-01-01T00:00","2001-01-01T00:00","2001-01-01T00:00","2001-01-01T00:00","1.0","1.0","Training Day","Training Day","Training Day","Training Day","1.0","1.0"
"LinearCombinationMatchingRule","academy_awards_143","actors_134","0.19999999999999998",,"2008-01-01T00:00","1987-01-01T00:00","2008-01-01T00:00","1987-01-01T00:00","0.0","0.0","The Conscience of Nhem En","The Color of Money","The Conscience of Nhem En","The Color of Money","0.2857142857142857","0.2857142857142857"
"LinearCombinationMatchingRule","academy_awards_3153","actors_50","0.0",,"1952-01-01T00:00","1977-01-01T00:00","1952-01-01T00:00","1977-01-01T00:00","0.0","0.0","Neighbours","Network","Neighbours","Network","0.0","0.0"
"LinearCombinationMatchingRule","academy_awards_2201","actors_106","0.0",,"1969-01-01T00:00","1956-01-01T00:00","1969-01-01T00:00","1956-01-01T00:00","0.0","0.0","Marooned","Marty","Marooned","Marty","0.0","0.0"
"LinearCombinationMatchingRule","academy_awards_751","actors_119","0.0",,"1997-01-01T00:00","1969-01-01T00:00","1997-01-01T00:00","1969-01-01T00:00","0.0","0.0","Character","Charly","Character","Charly","0.0","0.0"
"LinearCombinationMatchingRule","academy_awards_3966","actors_14","0.15",,"1941-01-01T00:00","1942-01-01T00:00","1941-01-01T00:00","1942-01-01T00:00","0.5","0.5","Sunny","Suspicion","Sunny","Suspicion","0.0","0.0"
"LinearCombinationMatchingRule","academy_awards_799","actors_106","0.0",,"1996-01-01T00:00","1956-01-01T00:00","1996-01-01T00:00","1956-01-01T00:00","0.0","0.0","Mandela","Marty","Mandela","Marty","0.0","0.0"
"LinearCombinationMatchingRule","academy_awards_1057","actors_2","0.0",,"1992-01-01T00:00","1930-01-01T00:00","1992-01-01T00:00","1930-01-01T00:00","0.0","0.0","Contact","Coquette","Contact","Coquette","0.0","0.0"
"LinearCombinationMatchingRule","academy_awards_2141","actors_44","0.85","1","1970-01-01T00:00","1971-01-01T00:00","1970-01-01T00:00","1971-01-01T00:00","0.5","0.5","Women in Love","Women In Love","Women in Love","Women In Love","1.0","1.0"
"LinearCombinationMatchingRule","academy_awards_1383","actors_133","0.85",,"1985-01-01T00:00","1986-01-01T00:00","1985-01-01T00:00","1986-01-01T00:00","0.5","0.5","Kiss of the Spider Woman","Kiss of the Spider Woman","Kiss of the Spider Woman","Kiss of the Spider Woman","1.0","1.0"
"LinearCombinationMatchingRule","academy_awards_287","actors_46","0.0",,"2005-01-01T00:00","1973-01-01T00:00","2005-01-01T00:00","1973-01-01T00:00","0.0","0.0","Capote","Cabaret","Capote","Cabaret","0.0","0.0"
"LinearCombinationMatchingRule","academy_awards_242","actors_46","0.0",,"2006-01-01T00:00","1973-01-01T00:00","2006-01-01T00:00","1973-01-01T00:00","0.0","0.0","Cars","Cabaret","Cars","Cabaret","0.0","0.0"
"LinearCombinationMatchingRule","academy_awards_2953","actors_14","0.0",,"1955-01-01T00:00","1942-01-01T00:00","1955-01-01T00:00","1942-01-01T00:00","0.0","0.0","Summertime","Suspicion","Summertime","Suspicion","0.0","0.0"
"LinearCombinationMatchingRule","academy_awards_2446","actors_115","0.85",,"1964-01-01T00:00","1965-01-01T00:00","1964-01-01T00:00","1965-01-01T00:00","0.5","0.5","My Fair Lady","My Fair Lady","My Fair Lady","My Fair Lady","1.0","1.0"
"LinearCombinationMatchingRule","academy_awards_3305","actors_22","0.85",,"1949-01-01T00:00","1950-01-01T00:00","1949-01-01T00:00","1950-01-01T00:00","0.5","0.5","The Heiress","The Heiress","The Heiress","The Heiress","1.0","1.0"
"LinearCombinationMatchingRule","academy_awards_3000","actors_105","0.85",,"1954-01-01T00:00","1955-01-01T00:00","1954-01-01T00:00","1955-01-01T00:00","0.5","0.5","On the Waterfront","On The Waterfront","On the Waterfront","On The Waterfront","1.0","1.0"
"LinearCombinationMatchingRule","academy_awards_1330","actors_60","0.85",,"1986-01-01T00:00","1987-01-01T00:00","1986-01-01T00:00","1987-01-01T00:00","0.5","0.5","Children of a Lesser God","Children of a Lesser God","Children of a Lesser God","Children of a Lesser God","1.0","1.0"
"LinearCombinationMatchingRule","academy_awards_1655","actors_2","0.0",,"1980-01-01T00:00","1930-01-01T00:00","1980-01-01T00:00","1930-01-01T00:00","0.0","0.0","Confidence","Coquette","Confidence","Coquette","0.0","0.0"
"LinearCombinationMatchingRule","academy_awards_2844","actors_30","0.85","1","1957-01-01T00:00","1958-01-01T00:00","1957-01-01T00:00","1958-01-01T00:00","0.5","0.5","The Three Faces of Eve","The Three Faces of Eve","The Three Faces of Eve","The Three Faces of Eve","1.0","1.0"
"LinearCombinationMatchingRule","academy_awards_3625","actors_95","0.85",,"1944-01-01T00:00","1945-01-01T00:00","1944-01-01T00:00","1945-01-01T00:00","0.5","0.5","Going My Way","Going My Way","Going My Way","Going My Way","1.0","1.0"
"LinearCombinationMatchingRule","academy_awards_560","actors_74","0.85",,"2000-01-01T00:00","2001-01-01T00:00","2000-01-01T00:00","2001-01-01T00:00","0.5","0.5","Erin Brockovich","Erin Brockovich","Erin Brockovich","Erin Brockovich","1.0","1.0"
"LinearCombinationMatchingRule","academy_awards_448","actors_149","0.85",,"2002-01-01T00:00","2003-01-01T00:00","2002-01-01T00:00","2003-01-01T00:00","0.5","0.5","The Pianist","The Pianist","The Pianist","The Pianist","1.0","1.0"
"LinearCombinationMatchingRule","academy_awards_2053","actors_106","0.0",,"1972-01-01T00:00","1956-01-01T00:00","1972-01-01T00:00","1956-01-01T00:00","0.0","0.0","Manson","Marty","Manson","Marty","0.0","0.0"
"LinearCombinationMatchingRule","academy_awards_1755","actors_14","0.0",,"1978-01-01T00:00","1942-01-01T00:00","1978-01-01T00:00","1942-01-01T00:00","0.0","0.0","Superman","Suspicion","Superman","Suspicion","0.0","0.0"
"LinearCombinationMatchingRule","academy_awards_3001","actors_27","0.85",,"1954-01-01T00:00","1955-01-01T00:00","1954-01-01T00:00","1955-01-01T00:00","0.5","0.5","The Country Girl","The Country Girl","The Country Girl","The Country Girl","1.0","1.0"
"LinearCombinationMatchingRule","academy_awards_2343","actors_99","0.0",,"1966-01-01T00:00","1949-01-01T00:00","1966-01-01T00:00","1949-01-01T00:00","0.0","0.0","Hawaii","Hamlet","Hawaii","Hamlet","0.0","0.0"
"LinearCombinationMatchingRule","academy_awards_1586","actors_151","0.0",,"1981-01-01T00:00","2005-01-01T00:00","1981-01-01T00:00","2005-01-01T00:00","0.0","0.0","Ragtime","Ray","Ragtime","Ray","0.0","0.0"
"LinearCombinationMatchingRule","academy_awards_1943","actors_48","0.65","1","1974-01-01T00:00","1975-01-01T00:00","1974-01-01T00:00","1975-01-01T00:00","0.5","0.5","Alice Doesn't Live Here Anymore","Alice Doesn�t live Here Anymor","Alice Doesn't Live Here Anymore","Alice Doesn�t live Here Anymor","0.7142857142857143","0.7142857142857143"
"LinearCombinationMatchingRule","academy_awards_4157","actors_46","0.0",,"1938-01-01T00:00","1973-01-01T00:00","1938-01-01T00:00","1973-01-01T00:00","0.0","0.0","Carefree","Cabaret","Carefree","Cabaret","0.0","0.0"
"LinearCombinationMatchingRule","academy_awards_1654","actors_70","0.0",,"1980-01-01T00:00","1997-01-01T00:00","1980-01-01T00:00","1997-01-01T00:00","0.0","0.0","Fame","Fargo","Fame","Fargo","0.0","0.0"
"LinearCombinationMatchingRule","academy_awards_2698","actors_46","0.0",,"1960-01-01T00:00","1973-01-01T00:00","1960-01-01T00:00","1973-01-01T00:00","0.0","0.0","Can-Can","Cabaret","Can-Can","Cabaret","0.0","0.0"
"LinearCombinationMatchingRule","academy_awards_166","actors_99","0.0",,"2008-01-01T00:00","1949-01-01T00:00","2008-01-01T00:00","1949-01-01T00:00","0.0","0.0","Happy-Go-Lucky","Hamlet","Happy-Go-Lucky","Hamlet","0.0","0.0"
"LinearCombinationMatchingRule","academy_awards_1040","actors_134","0.12727272727272726",,"1992-01-01T00:00","1987-01-01T00:00","1992-01-01T00:00","1987-01-01T00:00","0.0","0.0","The Colours of My Father: A Portrait of Sam Borenstein","The Color of Money","The Colours of My Father: A Portrait of Sam Borenstein","The Color of Money","0.18181818181818182","0.18181818181818182"
"LinearCombinationMatchingRule","academy_awards_23","actors_17","0.0",,"2010-01-01T00:00","1945-01-01T00:00","2010-01-01T00:00","1945-01-01T00:00","0.0","0.0","Gasland","Gaslight","Gasland","Gaslight","0.0","0.0"
"LinearCombinationMatchingRule","academy_awards_4401","actors_46","0.0",,"1932-01-01T00:00","1973-01-01T00:00","1932-01-01T00:00","1973-01-01T00:00","0.0","0.0","Cavalcade","Cabaret","Cavalcade","Cabaret","0.0","0.0"
"LinearCombinationMatchingRule","academy_awards_2754","actors_147","0.0",,"1959-01-01T00:00","2001-01-01T00:00","1959-01-01T00:00","2001-01-01T00:00","0.0","0.0","Glass","Gladiator","Glass","Gladiator","0.0","0.0"
"LinearCombinationMatchingRule","academy_awards_1025","actors_38","0.0",,"1992-01-01T00:00","1966-01-01T00:00","1992-01-01T00:00","1966-01-01T00:00","0.0","0.0","Damage","Darling","Damage","Darling","0.0","0.0"
"LinearCombinationMatchingRule","academy_awards_2618","actors_70","0.0",,"1961-01-01T00:00","1997-01-01T00:00","1961-01-01T00:00","1997-01-01T00:00","0.0","0.0","Fanny","Fargo","Fanny","Fargo","0.0","0.0"
"LinearCombinationMatchingRule","academy_awards_2071","actors_110","0.35",,"1972-01-01T00:00","1960-01-01T00:00","1972-01-01T00:00","1960-01-01T00:00","0.0","0.0","Ben","Ben-Hur","Ben","Ben-Hur","0.5","0.5"
"LinearCombinationMatchingRule","academy_awards_3132","actors_25","0.85",,"1952-01-01T00:00","1953-01-01T00:00","1952-01-01T00:00","1953-01-01T00:00","0.5","0.5","Come Back, Little Sheba","Come Back, Little Sheba","Come Back, Little Sheba","Come Back, Little Sheba","1.0","1.0"
"LinearCombinationMatchingRule","academy_awards_3480","actors_97","0.85",,"1946-01-01T00:00","1947-01-01T00:00","1946-01-01T00:00","1947-01-01T00:00","0.5","0.5","The Best Years of Our Lives","The Best Years of Our Lives","The Best Years of Our Lives","The Best Years of Our Lives","1.0","1.0"
"LinearCombinationMatchingRule","academy_awards_1168","actors_137","0.85",,"1989-01-01T00:00","1990-01-01T00:00","1989-01-01T00:00","1990-01-01T00:00","0.5","0.5","My Left Foot","My Left Foot","My Left Foot","My Left Foot","1.0","1.0"
"LinearCombinationMatchingRule","academy_awards_3505","actors_36","0.0",,"1946-01-01T00:00","1964-01-01T00:00","1946-01-01T00:00","1964-01-01T00:00","0.0","0.0","Humoresque","Hud","Humoresque","Hud","0.0","0.0"
"LinearCombinationMatchingRule","academy_awards_3077","actors_62","0.2333333333333333",,"1953-01-01T00:00","1989-01-01T00:00","1953-01-01T00:00","1989-01-01T00:00","0.0","0.0","The Actress","The Accused","The Actress","The Accused","0.3333333333333333","0.3333333333333333"
"LinearCombinationMatchingRule","academy_awards_961","actors_140","0.85",,"1993-01-01T00:00","1994-01-01T00:00","1993-01-01T00:00","1994-01-01T00:00","0.5","0.5","Philadelphia","Philadelphia","Philadelphia","Philadelphia","1.0","1.0"
"LinearCombinationMatchingRule","academy_awards_448","actors_67","0.2333333333333333",,"2002-01-01T00:00","1994-01-01T00:00","2002-01-01T00:00","1994-01-01T00:00","0.0","0.0","The Pianist","The Piano","The Pianist","The Piano","0.3333333333333333","0.3333333333333333"
"LinearCombinationMatchingRule","academy_awards_4491","actors_81","0.7","1","1929-01-01T00:00","1931-01-01T00:00","1929-01-01T00:00","1931-01-01T00:00","0.0","0.0","Disraeli","Disraeli","Disraeli","Disraeli","1.0","1.0"
"LinearCombinationMatchingRule","academy_awards_2334","actors_39","0.85","1","1966-01-01T00:00","1967-01-01T00:00","1966-01-01T00:00","1967-01-01T00:00","0.5","0.5","Who's Afraid of Virginia Woolf?","Who�s Afraid of Virginia Woolf","Who's Afraid of Virginia Woolf?","Who�s Afraid of Virginia Woolf","1.0","1.0"
"LinearCombinationMatchingRule","academy_awards_4475","actors_4","0.7","1","1930-01-01T00:00","1932-01-01T00:00","1930-01-01T00:00","1932-01-01T00:00","0.0","0.0","Min and Bill","Min and Bill","Min and Bill","Min and Bill","1.0","1.0"
"LinearCombinationMatchingRule","academy_awards_2613","actors_121","0.0",,"1962-01-01T00:00","1971-01-01T00:00","1962-01-01T00:00","1971-01-01T00:00","0.0","0.0","Pan","Patton","Pan","Patton","0.0","0.0"
"LinearCombinationMatchingRule","academy_awards_3816","actors_15","0.85",,"1942-01-01T00:00","1943-01-01T00:00","1942-01-01T00:00","1943-01-01T00:00","0.5","0.5","Mrs. Miniver","Mrs. Miniver","Mrs. Miniver","Mrs. Miniver","1.0","1.0"
"LinearCombinationMatchingRule","academy_awards_1395","actors_151","0.0",,"1985-01-01T00:00","2005-01-01T00:00","1985-01-01T00:00","2005-01-01T00:00","0.0","0.0","Ran","Ray","Ran","Ray","0.0","0.0"
"LinearCombinationMatchingRule","academy_awards_3179","actors_43","0.15555555555555553",,"1952-01-01T00:00","1970-01-01T00:00","1952-01-01T00:00","1970-01-01T00:00","0.0","0.0","The Pride of St. Louis","The Prime of Miss Jean Brodie","The Pride of St. Louis","The Prime of Miss Jean Brodie","0.2222222222222222","0.2222222222222222"
"LinearCombinationMatchingRule","academy_awards_4207","actors_10","0.85",,"1937-01-01T00:00","1938-01-01T00:00","1937-01-01T00:00","1938-01-01T00:00","0.5","0.5","The Good Earth","The Good Earth","The Good Earth","The Good Earth","1.0","1.0"
"LinearCombinationMatchingRule","academy_awards_2603","actors_94","0.19999999999999998",,"1962-01-01T00:00","1944-01-01T00:00","1962-01-01T00:00","1944-01-01T00:00","0.0","0.0","Walk on the Wild Side","Watch on the Rhine","Walk on the Wild Side","Watch on the Rhine","0.2857142857142857","0.2857142857142857"
"LinearCombinationMatchingRule","academy_awards_4444","actors_83","0.7","1","1931-01-01T00:00","1933-01-01T00:00","1931-01-01T00:00","1933-01-01T00:00","0.0","0.0","Dr. Jekyll and Mr. Hyde","Dr. Jekyll and Mr. Hyde","Dr. Jekyll and Mr. Hyde","Dr. Jekyll and Mr. Hyde","1.0","1.0"
"LinearCombinationMatchingRule","academy_awards_1008","actors_8","0.0",,"1993-01-01T00:00","1936-01-01T00:00","1993-01-01T00:00","1936-01-01T00:00","0.0","0.0","Dave","Dangerous","Dave","Dangerous","0.0","0.0"
"LinearCombinationMatchingRule","academy_awards_2732","actors_110","0.85","1","1959-01-01T00:00","1960-01-01T00:00","1959-01-01T00:00","1960-01-01T00:00","0.5","0.5","Ben-Hur","Ben-Hur","Ben-Hur","Ben-Hur","1.0","1.0"
"LinearCombinationMatchingRule","academy_awards_779","actors_143","0.85",,"1996-01-01T00:00","1997-01-01T00:00","1996-01-01T00:00","1997-01-01T00:00","0.5","0.5","Shine","Shine","Shine","Shine","1.0","1.0"
"LinearCombinationMatchingRule","academy_awards_1115","actors_101","0.7","0","1990-01-01T00:00","1951-01-01T00:00","1990-01-01T00:00","1951-01-01T00:00","0.0","0.0","Cyrano de Bergerac","Cyrano de Bergerac","Cyrano de Bergerac","Cyrano de Bergerac","1.0","1.0"
"LinearCombinationMatchingRule","academy_awards_2137","actors_121","0.85",,"1970-01-01T00:00","1971-01-01T00:00","1970-01-01T00:00","1971-01-01T00:00","0.5","0.5","Patton","Patton","Patton","Patton","1.0","1.0"
"LinearCombinationMatchingRule","academy_awards_1697","actors_38","0.0",,"1979-01-01T00:00","1966-01-01T00:00","1979-01-01T00:00","1966-01-01T00:00","0.0","0.0","Dae","Darling","Dae","Darling","0.0","0.0"
"LinearCombinationMatchingRule","academy_awards_569","actors_106","0.0",,"2000-01-01T00:00","1956-01-01T00:00","2000-01-01T00:00","1956-01-01T00:00","0.0","0.0","Mal�na","Marty","Mal�na","Marty","0.0","0.0"
"LinearCombinationMatchingRule","academy_awards_508","actors_75","0.32499999999999996",,"2001-01-01T00:00","2002-01-01T00:00","2001-01-01T00:00","2002-01-01T00:00","0.5","0.5","Monster's Ball","Monsters Ball","Monster's Ball","Monsters Ball","0.25","0.25"
"LinearCombinationMatchingRule","academy_awards_1413","actors_106","0.0",,"1985-01-01T00:00","1956-01-01T00:00","1985-01-01T00:00","1956-01-01T00:00","0.0","0.0","Mask","Marty","Mask","Marty","0.0","0.0"
"LinearCombinationMatchingRule","academy_awards_1069","actors_5","0.19999999999999998",,"1991-01-01T00:00","1933-01-01T00:00","1991-01-01T00:00","1933-01-01T00:00","0.0","0.0","The Silence of the Lambs","The Sin of Madelon Claudet","The Silence of the Lambs","The Sin of Madelon Claudet","0.2857142857142857","0.2857142857142857"
"LinearCombinationMatchingRule","academy_awards_1010","actors_119","0.0",,"1992-01-01T00:00","1969-01-01T00:00","1992-01-01T00:00","1969-01-01T00:00","0.0","0.0","Chaplin","Charly","Chaplin","Charly","0.0","0.0"
"LinearCombinationMatchingRule","academy_awards_3624","actors_17","0.85",,"1944-01-01T00:00","1945-01-01T00:00","1944-01-01T00:00","1945-01-01T00:00","0.5","0.5","Gaslight","Gaslight","Gaslight","Gaslight","1.0","1.0"
"LinearCombinationMatchingRule","academy_awards_3396","actors_46","0.0",,"1948-01-01T00:00","1973-01-01T00:00","1948-01-01T00:00","1973-01-01T00:00","0.0","0.0","Casbah","Cabaret","Casbah","Cabaret","0.0","0.0"
"LinearCombinationMatchingRule","academy_awards_835","actors_8","0.0",,"1996-01-01T00:00","1936-01-01T00:00","1996-01-01T00:00","1936-01-01T00:00","0.0","0.0","Daylight","Dangerous","Daylight","Dangerous","0.0","0.0"
"LinearCombinationMatchingRule","academy_awards_3477","actors_143","0.35",,"1947-01-01T00:00","1997-01-01T00:00","1947-01-01T00:00","1997-01-01T00:00","0.0","0.0","Shoe-Shine","Shine","Shoe-Shine","Shine","0.5","0.5"
"LinearCombinationMatchingRule","academy_awards_1529","actors_110","0.0",,"1983-01-01T00:00","1960-01-01T00:00","1983-01-01T00:00","1960-01-01T00:00","0.0","0.0","Betrayal","Ben-Hur","Betrayal","Ben-Hur","0.0","0.0"
"LinearCombinationMatchingRule","academy_awards_3187","actors_24","0.85","1","1951-01-01T00:00","1952-01-01T00:00","1951-01-01T00:00","1952-01-01T00:00","0.5","0.5","A Streetcar Named Desire","A Streetcar Named Desire","A Streetcar Named Desire","A Streetcar Named Desire","1.0","1.0"
"LinearCombinationMatchingRule","academy_awards_1241","actors_14","0.0",,"1988-01-01T00:00","1942-01-01T00:00","1988-01-01T00:00","1942-01-01T00:00","0.0","0.0","Sunset","Suspicion","Sunset","Suspicion","0.0","0.0"
"LinearCombinationMatchingRule","academy_awards_3728","actors_84","0.0",,"1943-01-01T00:00","1933-01-01T00:00","1943-01-01T00:00","1933-01-01T00:00","0.0","0.0","Thousands Cheer","The Champ","Thousands Cheer","The Champ","0.0","0.0"
"LinearCombinationMatchingRule","academy_awards_2397","actors_38","0.85",,"1965-01-01T00:00","1966-01-01T00:00","1965-01-01T00:00","1966-01-01T00:00","0.5","0.5","Darling","Darling","Darling","Darling","1.0","1.0"
"LinearCombinationMatchingRule","academy_awards_3910","actors_92","0.85",,"1941-01-01T00:00","1942-01-01T00:00","1941-01-01T00:00","1942-01-01T00:00","0.5","0.5","Sergeant York","Sergeant York","Sergeant York","Sergeant York","1.0","1.0"
"LinearCombinationMatchingRule","academy_awards_755","actors_29","0.7",,"1997-01-01T00:00","1957-01-01T00:00","1997-01-01T00:00","1957-01-01T00:00","0.0","0.0","Anastasia","Anastasia","Anastasia","Anastasia","1.0","1.0"
"LinearCombinationMatchingRule","academy_awards_1489","actors_57","0.85",,"1983-01-01T00:00","1984-01-01T00:00","1983-01-01T00:00","1984-01-01T00:00","0.5","0.5","Terms of Endearment","Terms of Endearment","Terms of Endearment","Terms of Endearment","1.0","1.0"
"LinearCombinationMatchingRule","academy_awards_1835","actors_46","0.0",,"1976-01-01T00:00","1973-01-01T00:00","1976-01-01T00:00","1973-01-01T00:00","0.0","0.0","Carrie","Cabaret","Carrie","Cabaret","0.0","0.0"
"LinearCombinationMatchingRule","academy_awards_1201","actors_38","0.0",,"1989-01-01T00:00","1966-01-01T00:00","1989-01-01T00:00","1966-01-01T00:00","0.0","0.0","Dad","Darling","Dad","Darling","0.0","0.0"
"LinearCombinationMatchingRule","academy_awards_2625","actors_34","0.85","1","1961-01-01T00:00","1962-01-01T00:00","1961-01-01T00:00","1962-01-01T00:00","0.5","0.5","Two Women","Two Women","Two Women","Two Women","1.0","1.0"
"LinearCombinationMatchingRule","academy_awards_2","actors_120","0.7","0","2010-01-01T00:00","1970-01-01T00:00","2010-01-01T00:00","1970-01-01T00:00","0.0","0.0","True Grit","True Grit","True Grit","True Grit","1.0","1.0"
"LinearCombinationMatchingRule","academy_awards_648","actors_36","0.0",,"1999-01-01T00:00","1964-01-01T00:00","1999-01-01T00:00","1964-01-01T00:00","0.0","0.0","Humdrum","Hud","Humdrum","Hud","0.0","0.0"
"LinearCombinationMatchingRule","academy_awards_842","actors_142","0.85",,"1995-01-01T00:00","1996-01-01T00:00","1995-01-01T00:00","1996-01-01T00:00","0.5","0.5","Leaving Las Vegas","Leaving Las Vegas","Leaving Las Vegas","Leaving Las Vegas","1.0","1.0"
"LinearCombinationMatchingRule","academy_awards_1936","actors_125","0.85",,"1974-01-01T00:00","1975-01-01T00:00","1974-01-01T00:00","1975-01-01T00:00","0.5","0.5","Harry and Tonto","Harry and Tonto","Harry and Tonto","Harry and Tonto","1.0","1.0"
"LinearCombinationMatchingRule","academy_awards_4446","actors_5","0.7","1","1931-01-01T00:00","1933-01-01T00:00","1931-01-01T00:00","1933-01-01T00:00","0.0","0.0","The Sin of Madelon Claudet","The Sin of Madelon Claudet","The Sin of Madelon Claudet","The Sin of Madelon Claudet","1.0","1.0"
"LinearCombinationMatchingRule","academy_awards_2915","actors_108","0.09999999999999999",,"1956-01-01T00:00","1958-01-01T00:00","1956-01-01T00:00","1958-01-01T00:00","0.0","0.0","The Brave One","The Bridge On The River Kwai","The Brave One","The Bridge On The River Kwai","0.14285714285714285","0.14285714285714285"
"LinearCombinationMatchingRule","academy_awards_4201","actors_88","0.85",,"1937-01-01T00:00","1938-01-01T00:00","1937-01-01T00:00","1938-01-01T00:00","0.5","0.5","Captains Courageous","Captains Courageous","Captains Courageous","Captains Courageous","1.0","1.0"
"LinearCombinationMatchingRule","academy_awards_485","actors_84","0.2333333333333333",,"2002-01-01T00:00","1933-01-01T00:00","2002-01-01T00:00","1933-01-01T00:00","0.0","0.0","The ChubbChubbs!","The Champ","The ChubbChubbs!","The Champ","0.3333333333333333","0.3333333333333333"
"LinearCombinationMatchingRule","academy_awards_2194","actors_43","0.85",,"1969-01-01T00:00","1970-01-01T00:00","1969-01-01T00:00","1970-01-01T00:00","0.5","0.5","The Prime of Miss Jean Brodie","The Prime of Miss Jean Brodie","The Prime of Miss Jean Brodie","The Prime of Miss Jean Brodie","1.0","1.0"
"LinearCombinationMatchingRule","academy_awards_2294","actors_46","0.0",,"1967-01-01T00:00","1973-01-01T00:00","1967-01-01T00:00","1973-01-01T00:00","0.0","0.0","Camelot","Cabaret","Camelot","Cabaret","0.0","0.0"
"LinearCombinationMatchingRule","academy_awards_968","actors_149","0.2333333333333333",,"1993-01-01T00:00","2003-01-01T00:00","1993-01-01T00:00","2003-01-01T00:00","0.0","0.0","The Piano","The Pianist","The Piano","The Pianist","0.3333333333333333","0.3333333333333333"
"LinearCombinationMatchingRule","academy_awards_2717","actors_103","0.2333333333333333",,"1960-01-01T00:00","1953-01-01T00:00","1960-01-01T00:00","1953-01-01T00:00","0.0","0.0","High Note","High Noon","High Note","High Noon","0.3333333333333333","0.3333333333333333"
"LinearCombinationMatchingRule","academy_awards_3063","actors_77","0.0",,"1953-01-01T00:00","2004-01-01T00:00","1953-01-01T00:00","2004-01-01T00:00","0.0","0.0","Mogambo","Monster","Mogambo","Monster","0.0","0.0"
"LinearCombinationMatchingRule","academy_awards_346","actors_151","0.85",,"2004-01-01T00:00","2005-01-01T00:00","2004-01-01T00:00","2005-01-01T00:00","0.5","0.5","Ray","Ray","Ray","Ray","1.0","1.0"
"LinearCombinationMatchingRule","academy_awards_4405","actors_5","0.35",,"1932-01-01T00:00","1933-01-01T00:00","1932-01-01T00:00","1933-01-01T00:00","0.5","0.5","The Sign of the Cross","The Sin of Madelon Claudet","The Sign of the Cross","The Sin of Madelon Claudet","0.2857142857142857","0.2857142857142857"
"LinearCombinationMatchingRule","academy_awards_3137","actors_46","0.0",,"1952-01-01T00:00","1973-01-01T00:00","1952-01-01T00:00","1973-01-01T00:00","0.0","0.0","Carrie","Cabaret","Carrie","Cabaret","0.0","0.0"
"LinearCombinationMatchingRule","academy_awards_1580","actors_55","0.85",,"1981-01-01T00:00","1982-01-01T00:00","1981-01-01T00:00","1982-01-01T00:00","0.5","0.5","On Golden Pond","On Golden Pond","On Golden Pond","On Golden Pond","1.0","1.0"
"LinearCombinationMatchingRule","academy_awards_2097","actors_123","0.175",,"1971-01-01T00:00","1973-01-01T00:00","1971-01-01T00:00","1973-01-01T00:00","0.0","0.0","The Go-Between","The Godfather","The Go-Between","The Godfather","0.25","0.25"
"LinearCombinationMatchingRule","academy_awards_1435","actors_58","0.85",,"1984-01-01T00:00","1985-01-01T00:00","1984-01-01T00:00","1985-01-01T00:00","0.5","0.5","Places in the Heart","Places in the Heart","Places in the Heart","Places in the Heart","1.0","1.0"
"LinearCombinationMatchingRule","academy_awards_2731","actors_32","0.85",,"1959-01-01T00:00","1960-01-01T00:00","1959-01-01T00:00","1960-01-01T00:00","0.5","0.5","Room at the Top","Room at the Top","Room at the Top","Room at the Top","1.0","1.0"
"LinearCombinationMatchingRule","academy_awards_2582","actors_99","0.0",,"1962-01-01T00:00","1949-01-01T00:00","1962-01-01T00:00","1949-01-01T00:00","0.0","0.0","Hatari!","Hamlet","Hatari!","Hamlet","0.0","0.0"
"LinearCombinationMatchingRule","academy_awards_339","actors_37","0.0",,"2005-01-01T00:00","1965-01-01T00:00","2005-01-01T00:00","1965-01-01T00:00","0.0","0.0","Match Point","Mary Poppins","Match Point","Mary Poppins","0.0","0.0"
"LinearCombinationMatchingRule","academy_awards_3253","actors_46","0.0",,"1950-01-01T00:00","1973-01-01T00:00","1950-01-01T00:00","1973-01-01T00:00","0.0","0.0","Caged","Cabaret","Caged","Cabaret","0.0","0.0"
"LinearCombinationMatchingRule","academy_awards_2023","actors_121","0.0",,"1973-01-01T00:00","1971-01-01T00:00","1973-01-01T00:00","1971-01-01T00:00","0.0","0.0","Papillon","Patton","Papillon","Patton","0.0","0.0"
"LinearCombinationMatchingRule","academy_awards_3887","actors_86","0.2333333333333333",,"1942-01-01T00:00","1936-01-01T00:00","1942-01-01T00:00","1936-01-01T00:00","0.0","0.0","The Invaders","The Informer","The Invaders","The Informer","0.3333333333333333","0.3333333333333333"
"LinearCombinationMatchingRule","academy_awards_4197","actors_2","0.0",,"1937-01-01T00:00","1930-01-01T00:00","1937-01-01T00:00","1930-01-01T00:00","0.0","0.0","Conquest","Coquette","Conquest","Coquette","0.0","0.0"
"LinearCombinationMatchingRule","academy_awards_2437","actors_143","0.0",,"1965-01-01T00:00","1997-01-01T00:00","1965-01-01T00:00","1997-01-01T00:00","0.0","0.0","Shenandoah","Shine","Shenandoah","Shine","0.0","0.0"
"LinearCombinationMatchingRule","academy_awards_1127","actors_130","0.0",,"1990-01-01T00:00","1983-01-01T00:00","1990-01-01T00:00","1983-01-01T00:00","0.0","0.0","Ghost","Ghandi","Ghost","Ghandi","0.0","0.0"
"LinearCombinationMatchingRule","academy_awards_4316","actors_86","0.85",,"1935-01-01T00:00","1936-01-01T00:00","1935-01-01T00:00","1936-01-01T00:00","0.5","0.5","The Informer","The Informer","The Informer","The Informer","1.0","1.0"
"LinearCombinationMatchingRule","academy_awards_3252","actors_23","0.85","1","1950-01-01T00:00","1951-01-01T00:00","1950-01-01T00:00","1951-01-01T00:00","0.5","0.5","Born Yesterday","Born Yesterday","Born Yesterday","Born Yesterday","1.0","1.0"
"LinearCombinationMatchingRule","academy_awards_4516","actors_151","0.0",,"1929-01-01T00:00","2005-01-01T00:00","1929-01-01T00:00","2005-01-01T00:00","0.0","0.0","Raffles","Ray","Raffles","Ray","0.0","0.0"
"LinearCombinationMatchingRule","academy_awards_4241","actors_85","0.39999999999999997",,"1937-01-01T00:00","1934-01-01T00:00","1937-01-01T00:00","1934-01-01T00:00","0.0","0.0","The Private Life of the Gannets","The Private Life of Henry VIII","The Private Life of the Gannets","The Private Life of Henry VIII","0.5714285714285714","0.5714285714285714"
"LinearCombinationMatchingRule","academy_awards_128","actors_119","0.0",,"2008-01-01T00:00","1969-01-01T00:00","2008-01-01T00:00","1969-01-01T00:00","0.0","0.0","Changeling","Charly","Changeling","Charly","0.0","0.0"
"LinearCombinationMatchingRule","academy_awards_4446","actors_65","0.19999999999999998",,"1931-01-01T00:00","1992-01-01T00:00","1931-01-01T00:00","1992-01-01T00:00","0.0","0.0","The Sin of Madelon Claudet","The Silence of the Lambs","The Sin of Madelon Claudet","The Silence of the Lambs","0.2857142857142857","0.2857142857142857"
"LinearCombinationMatchingRule","academy_awards_2337","actors_117","0.85",,"1966-01-01T00:00","1967-01-01T00:00","1966-01-01T00:00","1967-01-01T00:00","0.5","0.5","A Man for All Seasons","A Man for All Seasons","A Man for All Seasons","A Man for All Seasons","1.0","1.0"
"LinearCombinationMatchingRule","academy_awards_553","actors_147","0.85",,"2000-01-01T00:00","2001-01-01T00:00","2000-01-01T00:00","2001-01-01T00:00","0.5","0.5","Gladiator","Gladiator","Gladiator","Gladiator","1.0","1.0"
"LinearCombinationMatchingRule","academy_awards_1995","actors_47","0.85","1","1973-01-01T00:00","1974-01-01T00:00","1973-01-01T00:00","1974-01-01T00:00","0.5","0.5","A Touch of Class","A Touch of Class","A Touch of Class","A Touch of Class","1.0","1.0"
"LinearCombinationMatchingRule","academy_awards_3548","actors_18","0.85",,"1945-01-01T00:00","1946-01-01T00:00","1945-01-01T00:00","1946-01-01T00:00","0.5","0.5","Mildred Pierce","Mildred Pierce","Mildred Pierce","Mildred Pierce","1.0","1.0"
"LinearCombinationMatchingRule","academy_awards_745","actors_132","0.0",,"1997-01-01T00:00","1985-01-01T00:00","1997-01-01T00:00","1985-01-01T00:00","0.0","0.0","Amazon","Amadeus","Amazon","Amadeus","0.0","0.0"
"LinearCombinationMatchingRule","academy_awards_608","actors_146","0.85","1","1999-01-01T00:00","2000-01-01T00:00","1999-01-01T00:00","2000-01-01T00:00","0.5","0.5","American Beauty","American Beauty","American Beauty","American Beauty","1.0","1.0"
"LinearCombinationMatchingRule","academy_awards_1541","actors_56","0.85","1","1982-01-01T00:00","1983-01-01T00:00","1982-01-01T00:00","1983-01-01T00:00","0.5","0.5","Sophie's Choice","Sophie�s Choice","Sophie's Choice","Sophie�s Choice","1.0","1.0"
"LinearCombinationMatchingRule","academy_awards_1008","actors_38","0.0",,"1993-01-01T00:00","1966-01-01T00:00","1993-01-01T00:00","1966-01-01T00:00","0.0","0.0","Dave","Darling","Dave","Darling","0.0","0.0"
"LinearCombinationMatchingRule","academy_awards_1474","actors_121","0.0",,"1984-01-01T00:00","1971-01-01T00:00","1984-01-01T00:00","1971-01-01T00:00","0.0","0.0","Paradise","Patton","Paradise","Patton","0.0","0.0"
"LinearCombinationMatchingRule","academy_awards_4224","actors_106","0.0",,"1937-01-01T00:00","1956-01-01T00:00","1937-01-01T00:00","1956-01-01T00:00","0.0","0.0","Maytime","Marty","Maytime","Marty","0.0","0.0"
"LinearCombinationMatchingRule","academy_awards_1671","actors_128","0.85",,"1979-01-01T00:00","1980-01-01T00:00","1979-01-01T00:00","1980-01-01T00:00","0.5","0.5","Kramer vs. Kramer","Kramer vs. Kramer","Kramer vs. Kramer","Kramer vs. Kramer","1.0","1.0"
"LinearCombinationMatchingRule","academy_awards_2675","actors_111","0.85",,"1960-01-01T00:00","1961-01-01T00:00","1960-01-01T00:00","1961-01-01T00:00","0.5","0.5","Elmer Gantry","Elmer Gantry","Elmer Gantry","Elmer Gantry","1.0","1.0"
"LinearCombinationMatchingRule","academy_awards_2054","actors_106","0.0",,"1972-01-01T00:00","1956-01-01T00:00","1972-01-01T00:00","1956-01-01T00:00","0.0","0.0","Marjoe","Marty","Marjoe","Marty","0.0","0.0"
"LinearCombinationMatchingRule","academy_awards_1470","actors_130","0.15",,"1984-01-01T00:00","1983-01-01T00:00","1984-01-01T00:00","1983-01-01T00:00","0.5","0.5","Ghostbusters","Ghandi","Ghostbusters","Ghandi","0.0","0.0"
"LinearCombinationMatchingRule","academy_awards_845","actors_69","0.85",,"1995-01-01T00:00","1996-01-01T00:00","1995-01-01T00:00","1996-01-01T00:00","0.5","0.5","Dead Man Walking","Dead Man Walking","Dead Man Walking","Dead Man Walking","1.0","1.0"
"LinearCombinationMatchingRule","academy_awards_4397","actors_85","0.7","1","1932-01-01T00:00","1934-01-01T00:00","1932-01-01T00:00","1934-01-01T00:00","0.0","0.0","The Private Life of Henry VIII","The Private Life of Henry VIII","The Private Life of Henry VIII","The Private Life of Henry VIII","1.0","1.0"
"LinearCombinationMatchingRule","academy_awards_1430","actors_132","0.85","1","1984-01-01T00:00","1985-01-01T00:00","1984-01-01T00:00","1985-01-01T00:00","0.5","0.5","Amadeus","Amadeus","Amadeus","Amadeus","1.0","1.0"
"LinearCombinationMatchingRule","academy_awards_3060","actors_26","0.85",,"1953-01-01T00:00","1954-01-01T00:00","1953-01-01T00:00","1954-01-01T00:00","0.5","0.5","Roman Holiday","Roman Holiday","Roman Holiday","Roman Holiday","1.0","1.0"
"LinearCombinationMatchingRule","academy_awards_3861","actors_43","0.175",,"1942-01-01T00:00","1970-01-01T00:00","1942-01-01T00:00","1970-01-01T00:00","0.0","0.0","The Price of Victory","The Prime of Miss Jean Brodie","The Price of Victory","The Prime of Miss Jean Brodie","0.25","0.25"
"LinearCombinationMatchingRule","academy_awards_1220","actors_136","0.85",,"1988-01-01T00:00","1989-01-01T00:00","1988-01-01T00:00","1989-01-01T00:00","0.5","0.5","Rain Man","Rain Man","Rain Man","Rain Man","1.0","1.0"
"LinearCombinationMatchingRule","academy_awards_919","actors_106","0.0",,"1994-01-01T00:00","1956-01-01T00:00","1994-01-01T00:00","1956-01-01T00:00","0.0","0.0","Maverick","Marty","Maverick","Marty","0.0","0.0"
"LinearCombinationMatchingRule","academy_awards_4146","actors_11","0.85",,"1938-01-01T00:00","1939-01-01T00:00","1938-01-01T00:00","1939-01-01T00:00","0.5","0.5","Jezebel","Jezebel","Jezebel","Jezebel","1.0","1.0"
"LinearCombinationMatchingRule","academy_awards_2397","actors_8","0.0",,"1965-01-01T00:00","1936-01-01T00:00","1965-01-01T00:00","1936-01-01T00:00","0.0","0.0","Darling","Dangerous","Darling","Dangerous","0.0","0.0"
"LinearCombinationMatchingRule","academy_awards_902","actors_141","0.3833333333333333","1","1994-01-01T00:00","1995-01-01T00:00","1994-01-01T00:00","1995-01-01T00:00","0.5","0.5","Forrest Gump","Forest Gump","Forrest Gump","Forest Gump","0.3333333333333333","0.3333333333333333"
"LinearCombinationMatchingRule","academy_awards_371","actors_99","0.0",,"2004-01-01T00:00","1949-01-01T00:00","2004-01-01T00:00","1949-01-01T00:00","0.0","0.0","Hardwood","Hamlet","Hardwood","Hamlet","0.0","0.0"
"LinearCombinationMatchingRule","academy_awards_1229","actors_62","0.85",,"1988-01-01T00:00","1989-01-01T00:00","1988-01-01T00:00","1989-01-01T00:00","0.5","0.5","The Accused","The Accused","The Accused","The Accused","1.0","1.0"
